"","x_C","x_INH","mu","convergence","f.TS","f.ATPS","f.EAA","f.ENT","f.ADPS","f.RNAP","f.DNAP","f.R","v.TS","v.ATPS","v.EAA","v.ENT","v.ADPS","v.RNAP","v.DNAP","v.R","p.TS","p.ATPS","p.EAA","p.ENT","p.ADPS","p.RNAP","p.DNAP","p.R","c.x_S","c.x_W","c.x_INH","c.S","c.AA","c.NT","c.ATP","c.ADP","c.RNA","c.DNA","c.P"
"1",5.01187233627272,1e-05,1.12365859169948,4,1.2460755246372,12.3037763460347,0.589615002030827,3.61267075836886,0.138682722183689,0.403978899003664,0.117034594223384,9.07937444848718,316.436944031295,3124.50514435498,149.730867598867,917.426329276716,35.2180393002462,102.589165525153,29.7205655754878,2305.67846602365,7.50147065178361,4.49153151981058,19.6956807075997,2.32998305303407,0.11308534473972,13.3113155266091,0.625354208221862,54.5285102561065,5.01187233627272,1e-05,1e-05,17.7647834827384,10.1366729374808,6.0367376815321,12.4130295474381,1.69245290647591,58.43150795189,16.9278837084702,102.596931267905
"2",5.01187233627272,0.281838293126445,0.980357971568157,4,1.24193202180332,12.0966006016181,0.568866756290181,3.77411974319983,0.138053118096154,0.435645943555277,0.11689357102459,8.69643494184786,275.163578444865,2680.13373527997,126.038631399359,836.19737295311,30.5871733105414,96.5221080213389,25.8990449844597,1926.78996619896,6.52304210073454,3.91207522882376,16.7502227049486,2.14116267121637,0.0983115332564641,12.5422822318751,0.545736557802694,55.7568818142233,5.01187233627272,1e-05,0.281838293126445,16.7170154263777,10.640229110124,5.98676678822002,12.8514427155792,1.61551793622385,63.0118292758353,16.9074861129967,98.2697148428808
"3",5.01187233627272,0.467735141287198,0.906662069622655,4,1.23962056327941,11.9810281654938,0.557348254143826,3.86304092135217,0.137689983012283,0.453295350377972,0.116650014438789,8.48400553416713,254.005229671635,2454.98009715787,114.203793882191,791.558824954577,28.2134524019148,92.8827683184283,23.9022444338443,1738.42047968335,6.02146118435806,3.61536521184475,15.26825986159,2.03681180980839,0.0907419864870728,12.0872947560694,0.504408238879555,56.2449194870513,5.01187233627272,1e-05,0.467735141287198,16.1582765152229,10.9175903931984,5.95338855349793,13.0906241185361,1.57396030947539,65.5646394786699,16.8722580884265,95.8692625360885
"4",5.01187233627272,0.776247116628692,0.808584340718504,4,1.23631309659609,11.8156548386254,0.540929412759607,3.98899211933833,0.137157236881712,0.478539046410596,0.116109392632823,8.1813813400354,225.923930690014,2159.1934859935,98.8494738856732,728.948663225906,25.0641218346822,87.4482545330938,21.2178374926716,1495.06612516182,5.35576445030744,3.22193495481259,13.3333064378158,1.8896977506115,0.0807005538049717,11.4133832115843,0.449069850973603,56.7057519324898,5.01187233627272,1e-05,0.776247116628692,15.3877907640759,11.3105163127912,5.89923884530827,13.4268515699967,1.51604310231883,69.2158876728285,16.7940625504116,92.4496091424
"5",5.01187233627272,1.28824955169313,0.68921777186879,4,1.231849933778,11.5924966869558,0.518880391331303,4.15677911628709,0.136416631834871,0.512599626407436,0.115041932591772,7.77528190809582,191.876907859552,1805.68457055747,80.8224787026272,647.473285193252,21.2486933508308,79.8441665563674,17.919301446238,1211.10291875099,4.54864395644356,2.74545893252482,11.0407395957023,1.69682861297928,0.0685342088250106,10.4773036100934,0.38130889712961,56.9018677477848,5.01187233627272,1e-05,1.28824955169313,14.3971423491062,11.8341457670951,5.81494412486606,13.8704806014362,1.4405265111559,74.1424099635716,16.6396651300739,87.8606855614828
"6",5.01187233627272,2.13796208950223,0.558127314764774,4,1.22621487328952,11.310743703486,0.491197571708828,4.3654745950493,0.13545118487276,0.555631363711358,0.113175077231254,7.26583477823604,154.670787289137,1426.70071253555,61.9580766680026,550.646878630367,17.0853753774114,70.085547272172,14.2755390414628,916.488953072114,3.66663372726474,2.22534307271961,8.61149759614106,1.46523278673282,0.0552509416563623,9.2814647251478,0.306570309223388,56.4919398351815,5.01187233627272,1e-05,2.13796208950223,13.2174801577244,12.4859316133145,5.69125567714291,14.4162070177258,1.34902874576043,80.3665204472108,16.3696431707285,82.1039329940673
"7",5.01187233627272,3.54813389233576,0.428797587388853,4,1.21957253512266,10.9786264873144,0.458760594493314,4.60758432180178,0.134277548227675,0.606453585093914,0.110275845318913,6.66937752279498,118.186645919625,1063.91953243646,44.4576885603648,446.512955238724,13.0126028508369,58.7703585182595,10.6866397109237,646.317736002144,2.80173877456966,1.71559617282503,6.32055398873576,1.21267337798044,0.0422392183776275,7.89492071462335,0.232798472850325,55.1434452876211,5.01187233627272,1e-05,3.54813389233576,11.9149787201066,13.243135146389,5.52209360541516,15.0421390097238,1.24594391093175,87.7174465479837,15.9502982669276,75.3639660075832
"8",5.01187233627272,5.88843655355589,0.31357288269304,4,1.2122372084189,10.6118602984025,0.423150186706804,4.87080230710141,0.132946622120429,0.662788071293808,0.106235896526907,6.0150154935418,85.9081858050794,752.035707138335,29.9875837918517,345.181443625248,9.42159095262876,46.970114745416,7.52866936818928,426.268938992224,2.03654392042493,1.26420362377115,4.38644221051839,0.962451780505518,0.0307396355333677,6.44054986959153,0.167405251409745,52.6813387852678,5.01187233627272,1e-05,5.88843655355589,10.5706634123748,14.068332103311,5.30689774023609,15.7156588934538,1.13714662190682,95.8656666319364,15.3659600736518,67.9696750770224
"9",5.01187233627272,9.77237220955811,0.219694144378638,4,1.20459285154708,10.2296425253917,0.386242895960366,5.14121235617516,0.131531414290448,0.721843617141254,0.10110636762577,5.33713819940016,59.8090910610285,507.910718992847,19.1772983763768,255.265700422885,6.53065002384818,35.8401683805245,5.0200197854513,264.993590293395,1.4178374231164,0.897915105370237,2.90408329085876,0.735348723114886,0.0214489135309421,5.05175552457934,0.114743274348604,49.1665293983027,5.01187233627272,1e-05,9.77237220955811,9.2581854400339,14.9193005031765,5.05086238717262,16.4021546474144,1.02834980714852,104.407460783311,14.6240250133914,60.3096616532219
"10",2.51188643150958,1e-05,1.11027930667178,4,1.24736777346806,12.3683886511504,0.594862555116403,3.59071618204891,0.13865632363465,0.402038425710437,0.115225545120455,9.16969010553994,312.99341763213,3103.51471063168,149.264770268679,900.99371931165,34.7920777927865,100.880737469023,28.9127536664709,2300.88728104691,8.64818856773767,4.47589946688075,19.6744930603653,2.29420139136641,0.111914022570026,13.1937436776983,0.613195242270385,54.6058627637125,2.51188643150958,1e-05,1e-05,17.5469267560654,10.0979396251854,5.94736630796777,12.2999695785584,1.67323889922432,58.1508378947576,16.6662228462226,103.617498192601
"11",2.51188643150958,0.281838293126445,0.969748983302722,4,1.24315427836399,12.1577134469398,0.573870245565252,3.75254553048352,0.13803143950017,0.43366113047949,0.115171213185846,8.7826896251379,272.45375704221,2664.52423750699,125.771279703717,822.420150134285,30.2514216749169,95.0425915259693,25.2412997177536,1924.84297962883,7.52805437480148,3.9017030431099,16.7480946405045,2.11114043997135,0.0973948459012616,12.4435861898163,0.535905890369328,55.8785133395842,2.51188643150958,1e-05,0.281838293126445,16.526249203629,10.6014041808771,5.90309008355767,12.743511970227,1.59824373999055,62.7247459125535,16.6583642752007,99.2443927640583
"12",2.51188643150958,0.467735141287198,0.897372901715961,4,1.24080535944411,12.0402679738942,0.562218591009789,3.8417190118011,0.137671087976312,0.451292803353622,0.11497686780389,8.56803615255687,251.643113926411,2441.8419072727,114.021458621364,779.124725406597,27.9205606361313,91.5250127379873,23.318030361054,1737.65150291535,6.95304430831871,3.60736342888586,15.2739831383829,2.00971121697972,0.0899459363348694,11.9984783288473,0.495710094899532,56.3905720712438,2.51188643150958,1e-05,0.467735141287198,15.9810385290341,10.8788313395411,5.8728028024953,12.9855938085447,1.55767975263749,65.2749910770679,16.6302541591546,96.8188085238926
"13",2.51188643150958,0.776247116628692,0.80093732408681,4,1.23744597771695,11.872298869635,0.545612289839038,3.96807691729802,0.137142421084994,0.476519585541607,0.11450727734297,8.26227065843864,223.992367441379,2149.02660695337,98.7622819152376,718.268885187956,24.8244013303479,86.2556847084149,20.7271724206011,1495.56877516348,6.18903824247126,3.216724146045,13.3474203171254,1.86642243411556,0.0800537365213262,11.3377789581665,0.441804205078399,56.8844164008331,2.51188643150958,1e-05,0.776247116628692,15.2281724615653,11.2719873751947,5.82296465165387,13.3260069910715,1.50108470581362,68.923792852738,16.5623325948872,93.3636584403566
"14",2.51188643150958,1.28824955169313,0.683387008008674,4,1.23291527783864,11.6457638719101,0.523314372025693,4.13649246761206,0.136407332919489,0.510572762501726,0.113536280318217,7.85198191619687,190.418171924175,1798.63540261843,80.8235309059263,638.862497706751,21.0674937998302,78.8556471133117,17.5351634730047,1212.70298887445,5.2613638650371,2.74306414836078,11.0618795725612,1.67807807678316,0.0680508625753752,10.4176748540593,0.375662067015934,57.1216222066319,2.51188643150958,1e-05,1.28824955169313,14.2584901024123,11.7961732941771,5.74428564215011,13.7753383006656,1.4271851445934,73.8492443682497,16.4218875852269,88.7273956530247
"15",2.51188643150958,2.13796208950223,0.554049597639569,4,1.22719818174343,11.3599090753946,0.495321707995597,4.34610120685606,0.135448634854912,0.553619609712496,0.111791172354291,7.3372915695106,153.663876893085,1422.43338985245,62.0218112218656,544.197971240835,16.9602291311357,69.3215951734879,13.9979550181365,918.74049785845,4.24582150472869,2.22527899741891,8.63634837009098,1.45122697516119,0.0549229941654189,9.23888009453133,0.302527530872515,56.7563882685007,2.51188643150958,1e-05,2.13796208950223,13.1013867548649,12.4490323244412,5.6273575980951,14.3283231520801,1.33748997014176,80.0755403488154,16.1694751693247,82.9113947354697
"16",2.51188643150958,3.54813389233576,0.426186488162259,4,1.22046250922596,11.0231253893088,0.462522823727561,4.58944060322063,0.134282301730201,0.604492980486954,0.109033900312272,6.7346729904906,117.552686547401,1061.72700420264,44.5493410142911,442.04641156939,12.9338223868631,58.2236433467787,10.501943164627,648.67121854688,3.24804849762349,1.71701746974822,6.34503108440629,1.20303442326031,0.0420383049726253,7.86809909435959,0.230138688032784,55.4483972301404,2.51188643150958,1e-05,3.54813389233576,11.8208847950781,13.2079924113764,5.46570425064332,14.9628478495386,1.23623818741139,87.433864697633,15.7706633411671,76.1018047925437
"17",2.51188643150958,5.88843655355589,0.312032117255498,4,1.21302692696286,10.6513460860022,0.426513433939247,4.85418816414985,0.132958259353076,0.660923545567776,0.105147344362494,6.0734777720861,85.5417594296425,751.125028009008,30.0774111015746,342.313749954075,9.37611786099542,46.6078383584605,7.41491275766015,428.297149002181,2.36356812727955,1.26623687821826,4.40733827313989,0.956345309442831,0.0306283454390942,6.42625638338643,0.165788598051256,53.0141369096156,2.51188643150958,1e-05,5.88843655355589,10.4962692983729,14.0356774807822,5.25825203055841,15.6458491318352,1.12916089924173,95.5959816309232,15.2085118885911,68.6302988245729
"18",2.51188643150958,9.77237220955811,0.218846245162494,4,1.20528019258647,10.2640093709269,0.389189365234434,5.12635560389253,0.131548644556577,0.720119740077416,0.100172371343393,5.38842277630767,59.6122560606783,507.650219917641,19.249014659953,253.545710613187,6.50629748333748,35.6165832674333,4.95445049828056,266.507356779117,1.64712100101394,0.899931862428933,2.9199778290767,0.731780292600919,0.0213929392947346,5.04599751198098,0.113825560382723,49.5091503754978,2.51188643150958,1e-05,9.77237220955811,9.200265244914,14.88978369625,5.00969878025598,16.3421490535668,1.02187602478336,104.158119204797,14.4889317911084,60.8891773722767
"19",1.25892541179417,1e-05,1.08483259757761,4,1.24979654869098,12.4898272445417,0.604734655427995,3.54911478914663,0.138619412016387,0.398261711795025,0.111865150203485,9.33977291052889,306.415328217353,3062.15801165613,148.264105963052,870.144163973296,33.9856216396065,97.6426869348402,27.4262212930462,2289.85236425298,10.8658038532155,4.44384605412556,19.6190577452789,2.22668125251643,0.10968987115633,12.9665078774908,0.590607297218009,54.717239937975,1.25892541179417,1e-05,1e-05,17.1435757102238,10.022711459955,5.78233111858947,12.0896363550789,1.63756300654659,57.6045739940324,16.180175325432,105.539433888977
"20",1.25892541179417,0.281838293126445,0.949507939843433,4,1.24545946047347,12.2729730306641,0.583314713726723,3.71155995055858,0.138002394696031,0.42979651952278,0.111963634589399,8.94566016220233,267.261644102826,2633.64248641058,125.172801177091,796.459175150822,29.6137675027713,92.2295169636933,24.026141363698,1919.6384293604,9.47737379589985,3.88009886134438,16.7322535624197,2.0542791990703,0.0956488314705095,12.2521783201134,0.517579336133603,56.0765479264347,1.25892541179417,1e-05,0.281838293126445,16.1717749335728,10.5259735027759,5.74804824633016,12.5419751000356,1.56607966201748,62.1657685837749,16.1944201070106,101.085959832886
"21",1.25892541179417,0.467735141287198,0.879620508317219,4,1.24304397129336,12.1521982716426,0.571427890536079,3.80115722734681,0.137646732524179,0.447392555249022,0.111856607222364,8.72707925112418,247.109975195076,2415.78695751751,113.596570288036,755.648142667818,27.3633768758338,88.9390607115994,22.236448649008,1734.89304246166,8.76277481372612,3.59049270725864,15.2747044936848,1.9582820788562,0.0884271903552614,11.8258970605287,0.479464558385199,56.6359526349083,1.25892541179417,1e-05,0.467735141287198,15.6510739003025,10.80350861591,5.72321907327424,12.7890850494238,1.5273202879995,64.7108591912185,16.1789396686427,98.6159955377032
"22",1.25892541179417,0.776247116628692,0.786289986179274,4,1.23959169032977,11.979584594076,0.554487940480099,3.92821477826466,0.137124968304941,0.472584693174659,0.111513809981952,8.41572254822347,220.277348470958,2128.79059350954,98.5333592028075,698.049803278671,24.3673176119315,83.9790262814535,19.8161754167486,1495.48683074566,7.81126217058578,3.20545126506847,13.3661396407202,1.82213205400866,0.0788168615976955,11.1904527254324,0.428199530195573,57.1952105473164,1.25892541179417,1e-05,0.776247116628692,14.9302588954947,11.1970767945921,5.68103802837379,13.1368194590621,1.47313418028557,68.3546500207826,16.1293574757895,95.0976647949252
"23",1.25892541179417,1.28824955169313,0.672186434247933,4,1.23493925023803,11.7469622690965,0.531743253266884,4.09773542211399,0.136399291897664,0.506620733876467,0.110716081078039,7.99791138734574,187.604726915452,1784.52960188543,80.7793159048429,622.503928585389,20.7209803259473,76.9628501242315,16.819337592348,1214.99578333734,6.65265728205799,2.73748299709041,11.0962363266693,1.64227237127854,0.067123847035376,10.3010147585266,0.36505414254059,57.514556951808,1.25892541179417,1e-05,1.28824955169313,13.9988869479544,11.7222968259076,5.61239887698423,13.5962310499185,1.40219180468829,73.2776229478922,16.0139739671276,90.3763986770068
"24",1.25892541179417,2.13796208950223,0.54619040728334,4,1.22907288899682,11.4536443931716,0.503188573697673,4.3089834932525,0.135452168864076,0.549693237225267,0.109191311823384,7.47370504985982,151.715567731791,1413.8267772926,62.1131104738657,531.896751509431,16.7200846131177,67.8536011253384,13.4784698393153,922.546917152259,5.37999064878216,2.22446866204987,8.6799381672601,1.42436965791265,0.0542917992890844,9.15510800300104,0.294904016837868,57.2397961082832,1.25892541179417,1e-05,2.13796208950223,12.8832331277086,12.3771771795749,5.50765295198595,14.1622007113604,1.31580804770418,79.5076298322626,15.7934313421342,84.452867063416
"25",1.25892541179417,3.54813389233576,0.421136224632154,4,1.2221656052051,11.1082802837496,0.469725543809294,4.55457100208574,0.134298405711343,0.600661726857521,0.106693093581259,6.85977168521955,116.321795200404,1057.25042391303,44.7069679220877,433.489433080069,12.7820907235187,57.1690530961362,10.1547058172809,652.891026953532,4.12489093758698,1.71932040694705,6.38965194916617,1.18446487754556,0.0416500996346845,7.81492624217481,0.225102727480378,56.0154128024453,1.25892541179417,1e-05,3.54813389233576,11.6434230031749,13.1394688493232,5.35964971963406,14.8122958242972,1.21794122612954,86.8797121726718,15.4320890555933,77.5154200429809
"26",1.25892541179417,5.88843655355589,0.309041790160623,4,1.2145439281545,10.7271964044042,0.43297662464513,4.82215235625549,0.13298623650836,0.657274219295809,0.103088389966762,6.18590003274193,84.8279315315415,749.2243475301,30.2405788862359,336.795730832608,9.28821683898244,45.9062955068181,7.20004825110364,432.044566091348,3.00808602055935,1.26991354689613,4.44631642258,0.944523169338026,0.0304124505388492,6.39757433328866,0.162715163095279,53.6411292636875,1.25892541179417,1e-05,5.88843655355589,10.3554501375242,13.9719127258187,5.16638303338037,15.5126814785647,1.11405446600068,95.0681430789458,14.9107047247925,69.9006703699838
"27",1.25892541179417,9.77237220955811,0.217195476282118,4,1.20660530413971,10.3302650755939,0.394871706889615,5.09761860870549,0.131586174106513,0.716740147233089,0.0983997317045172,5.48738757023801,59.2276423000768,507.073226566398,19.3827427492984,250.222612566657,6.4590623171285,35.1820341886302,4.83006671015253,269.354881050907,2.10027333705885,0.903703541136233,2.95006999408495,0.724837464432585,0.0212839077630566,5.03412971740814,0.112074319641462,50.1611072621642,1.25892541179417,1e-05,9.77237220955811,9.09025343692457,14.8320303046257,4.9316550698429,16.2271601764335,1.0095899728385,103.669294895794,14.2325371937414,62.0074795436895
"28",0.630957344480193,1e-05,1.03841724532355,4,1.25414158378912,12.7070790934884,0.622423360090857,3.47365341966603,0.138593019366383,0.391096740127075,0.105984220224824,9.64507593749244,294.324828202588,2982.12651545133,146.071744128391,815.204965048385,32.5253281944821,91.783481495538,24.8726202950795,2263.52858002411,15.0355384346473,4.37787575441981,19.4690303134144,2.10532280775504,0.105640542917167,12.540948141135,0.551108248377385,54.8038938509985,0.630957344480193,1e-05,1e-05,16.4408286131442,9.88044966813618,5.49635842412757,11.7200995341722,1.57511599523117,56.5682324919801,15.3295576133185,108.989358093665
"29",0.630957344480193,0.281838293126445,0.912376153650721,4,1.24960814848738,12.4804073622511,0.600335296838601,3.6368808331074,0.137987390294821,0.422456371826638,0.106325357911208,9.23986689934459,257.665464795779,2573.42269072725,123.787343640863,749.913956150021,28.4525873965447,87.1092410324083,21.9239709655636,1905.23293414231,13.1628005115205,3.83454001017977,16.6647056434894,1.95139488110199,0.0924521866891791,11.8914285360201,0.485331572929309,56.3278426206637,0.630957344480193,1e-05,0.281838293126445,15.5503490222799,10.3831819304112,5.47784184624878,12.1856329436299,1.50950918632875,61.1040896210049,15.3788997682772,104.410495962594
"30",0.630957344480193,0.467735141287198,0.846954805291267,4,1.24708540974507,12.3542706230059,0.588074988000166,3.72707217290384,0.137638596882778,0.439979445718484,0.106358732180824,9.01505286440633,238.706845568641,2364.75300462533,112.564483752586,713.405541150869,26.3456496512921,84.2172515064286,20.3583148829832,1725.5873696228,12.1943023736017,3.55426217009191,15.2424420266817,1.86489161545727,0.0856382103843506,11.4994556394541,0.450783044213189,56.9783222879073,0.630957344480193,1e-05,0.467735141287198,15.0707532426478,10.6608304466877,5.46172800373961,12.4404484356502,1.47378783852781,63.6386270287215,15.3837270226343,101.870097367792
"31",0.630957344480193,0.776247116628692,0.759225046960798,4,1.24348186791817,12.174093292061,0.570598126159429,3.8551650384967,0.137127048926263,0.465097582582846,0.106221803844361,8.69469958752153,213.362662981706,2088.89010060965,97.9059999431847,661.487955771109,23.5289255763041,79.8037038789861,18.226053406711,1491.87881679801,10.8995987167349,3.1803442484304,13.3731775135343,1.74130273063084,0.0765359407031358,10.9103145658947,0.404069796323195,57.6647618267418,0.630957344480193,1e-05,0.776247116628692,14.4040444704295,11.0550501052391,5.43189236316433,12.7995952003555,1.42367693837738,67.2717143447828,15.3639217080484,98.2501053389933
"32",0.630957344480193,1.28824955169313,0.651380260493856,4,1.23862835815464,11.9314180102314,0.547122182079174,4.02640835457361,0.136415442860899,0.499089520070243,0.10570894786671,8.26457288646731,182.340882145305,1756.44717877383,80.5429172235419,592.735380565636,20.0819818355824,73.4719359200425,15.5616191715364,1216.6437985626,9.31485582934293,2.72383692481632,11.1391280012385,1.57650655318476,0.0654050326578296,10.0775558125326,0.346129040172972,58.1462564231347,0.630957344480193,1e-05,1.28824955169313,13.5378289518789,11.5820048093965,5.37963090507655,13.2750402966526,1.35777055421658,72.1883081829599,15.2897422194409,93.3896736170806
"33",0.630957344480193,2.13796208950223,0.531500826027475,4,1.23251122899616,11.62556144158,0.517629429794622,4.24032449042081,0.135485765173552,0.542195180641379,0.1045513251306,7.7244699938848,148.048246403709,1396.45298508664,62.1772261097058,509.344329058001,16.2744399196639,65.128044121656,12.5586201412349,927.857053216572,7.56302182380932,2.22063223910173,8.7468205843975,1.3746581811171,0.0531138646405595,8.9930368622925,0.281209370712507,58.054018004827,0.630957344480193,1e-05,2.13796208950223,12.4933851099194,12.2404380165068,5.29504038497942,13.8621411385599,1.27706986146756,78.423110927969,15.12230366689,87.2865109308982
"34",0.630957344480193,3.54813389233576,0.411634688866828,4,1.2253102443948,11.2655120508855,0.483034573512435,4.48970447807132,0.13435104300821,0.593325903831262,0.102490964582981,7.09123115324885,113.989925474994,1048.02427384613,44.9364357218149,417.674691941285,12.4986022520017,55.1967763833677,9.53467700781751,659.693260855778,5.8231577543372,1.7221330483716,6.46429026562039,1.14979778894967,0.0409204310840902,7.7106303575628,0.215989023575758,57.0039933622105,0.630957344480193,1e-05,3.54813389233576,11.3242127018718,13.008719175756,5.16996230690792,14.5381792715756,1.1850634279632,85.8186587301538,14.8242931172824,80.130912031712
"35",0.630957344480193,5.88843655355589,0.303379599013389,4,1.2173639190361,10.8681957375898,0.444998690494745,4.76220867706155,0.133056777956207,0.650265360551854,0.0993696627546206,6.39526920880451,83.4670833399817,745.164683460395,30.510796488134,326.515072703493,9.12287689897509,44.5846572200531,6.8131606275739,438.483891041852,4.26390307351983,1.27594470221942,4.51464573306862,0.922252913870603,0.0300036189562924,6.34011116918968,0.157112086166704,54.7625687624999,0.630957344480193,1e-05,5.88843655355589,10.1005431944499,13.8498535804231,5.00089350765691,15.2682066676757,1.08675218750783,94.0543817502201,14.3728280208283,72.266542059491
"36",0.630957344480193,9.77237220955811,0.214051354373433,4,1.20908460781933,10.4542302726753,0.405509434408596,5.04353536871721,0.131670811630844,0.710227320980198,0.0951785179390947,5.67286363453386,58.4902007154105,505.729725628322,19.6167646640784,243.984080289956,6.3696553167931,34.3576771129547,4.60431849189896,274.428216577396,2.9879628785563,0.910346411858997,3.0043885778696,0.711636616202396,0.0210758769621147,5.00928669796616,0.108859661131571,51.3498023496854,0.630957344480193,1e-05,9.77237220955811,8.88995890637083,14.7211012920635,4.79008570838597,16.0143366748592,0.987258341478396,102.727279706576,13.7666208347107,64.1033590702326
"37",0.316227766016838,1e-05,0.959537910199779,4,1.26133146592206,13.0665729267448,0.651758246633661,3.34615884223359,0.138652869100331,0.378155361521814,0.0966261675768729,10.1528700162258,273.526751106898,2833.55908998999,141.337404580256,725.633175364173,30.0676466427002,82.0050956035593,20.9539224250557,2201.70639120524,22.4998870670094,4.2449449021182,19.0784934777439,1.90439266493708,0.0987605112258477,11.789830752612,0.48851914629937,54.6226026614057,0.316227766016838,1e-05,1e-05,15.3261660682127,9.62444631918552,5.04788669253233,11.1262431574326,1.47542787995159,54.6963914905152,13.9760088783189,114.727431183351
"38",0.316227766016838,0.281838293126445,0.848651703117993,4,1.25653728285408,12.826864142339,0.628818636664925,3.50978913151676,0.138060739033172,0.409160853874106,0.0972915770041077,9.73358473217961,240.997926158334,2460.13206261337,120.604449572513,673.161006434558,26.479398777016,78.4751225406207,18.6600657303271,1866.8556568521,19.8241162884534,3.73961323929932,16.440113178583,1.77911424616887,0.0869686663179063,11.2475874294225,0.433700647664938,56.4382937777197,0.316227766016838,1e-05,0.281838293126445,14.5554181458325,10.1256029179175,5.05036890735645,11.6072797671392,1.41854318755062,59.1810259043507,14.0722536978741,109.98950747363
"39",0.316227766016838,0.467735141287198,0.790599642395161,4,1.25386867993875,12.6934339904171,0.616066742272629,3.60050061835477,0.137720212733631,0.426529960831108,0.0975170714680346,9.50059106911236,224.035637373235,2268.00590843142,110.076045025898,643.321317297152,24.6072305119414,76.2104621978805,17.4239133735916,1697.52304180293,18.4288246743122,3.47696911089256,15.0910219549905,1.70754955192541,0.0808290872672412,10.9131820455861,0.404605734603314,57.2536969213923,0.316227766016838,1e-05,0.467735141287198,14.1370378678642,10.4030688564505,5.04609917474683,11.8715793171098,1.38737298058313,61.6932935346115,14.1048692171365,107.35667908097
"40",0.316227766016838,0.776247116628692,0.712192947624147,4,1.25005521776348,12.5027609456262,0.597864942285863,3.72968610584516,0.137221047636413,0.451481268010559,0.0976667673716625,9.16811117703789,201.203395312413,2012.38946671507,96.2297141892623,600.313887964241,22.0864969006487,72.6684411639053,15.7200137442922,1475.65889187043,16.5506797916775,3.12436835426072,13.3058213460711,1.60395768343709,0.0725742861590201,10.4025996299072,0.36492069014619,58.1747345188693,0.316227766016838,1e-05,0.776247116628692,13.5517030300862,10.7978893959712,5.03330862277973,12.2452582632013,1.34341229006463,65.3022506050473,14.1265212326373,103.599656300528
"41",0.316227766016838,1.28824955169313,0.61488801731043,4,1.24491537326704,12.2457685422158,0.573369396631394,3.90302555517276,0.136526622172113,0.485347117262637,0.0975589731994167,8.72081730924402,172.999281302762,1701.7294526966,79.6781015547411,542.382743799859,18.9723799879552,67.446112620856,13.5572526539233,1211.8856906013,14.2306530393611,2.69028343601027,11.1528634168625,1.46351050417041,0.0623914344495627,9.66741158375485,0.315118935994,58.9630032438547,0.316227766016838,1e-05,1.28824955169313,12.7847578906362,11.3272009253461,5.0041242837967,12.7419631038727,1.28518182499553,70.2006070408678,14.1109298835636,98.5452355944574
"42",0.316227766016838,2.13796208950223,0.50545547864369,4,1.23842999813859,11.9214994718775,0.542519365091783,4.12055105530314,0.135618356964421,0.528453784554464,0.0969360733626828,8.15769443196493,141.469497409541,1361.82791210608,61.973581090442,470.702653941087,15.4920833863048,60.3668284985484,11.0732924752187,931.877403684743,11.6370618312842,2.20689170402949,8.82168705788468,1.28809779283369,0.0510251201174606,8.69047423065672,0.258506467778016,59.2282028766195,0.316227766016838,1e-05,2.13796208950223,11.8504286467106,11.9910400132985,4.94860575148273,13.3583409462198,1.21325047838341,76.4355553979576,14.0208336511784,92.1819470812037
"43",0.316227766016838,3.54813389233576,0.394591122399248,4,1.23078303536698,11.5391512685432,0.506222278859323,4.37547305839829,0.134506876005303,0.579810511160687,0.0955293869228938,7.49537116503777,109.758269414323,1029.03374303315,45.1436846868848,390.194158481878,11.9949995331769,51.7061061653777,8.51908084981178,668.419164103334,9.02854531229204,1.72254371355683,6.569665095462,1.08852381504821,0.0396102205028359,7.51142243303605,0.200688561260703,58.5366950137681,0.316227766016838,1e-05,3.54813389233576,10.7923502382616,12.7690020242948,4.85744218353508,14.0719379062306,1.13041288306471,83.8637923342817,13.8173705245274,84.6976941649268
"44",0.316227766016838,5.88843655355589,0.293106092246624,4,1.22232696470922,11.1163482701726,0.466177188788879,4.65559565524653,0.13323388954715,0.637274304043112,0.0931474973001667,6.76484693904265,80.9693544966329,736.368884744154,30.880498546696,308.395859607265,8.82567622671626,42.2143096940815,6.17027435958228,448.116834314547,6.66041374267963,1.28399721119633,4.62150693160655,0.882262787421319,0.0292598291538227,6.22660720628052,0.147586209781383,56.5911364930624,0.316227766016838,1e-05,5.88843655355589,9.67155884250421,13.6247201728682,4.72509129504884,14.8466977853218,1.04095198988768,92.1753553367958,13.4728540094961,76.442770411182
"45",0.316227766016838,9.77237220955811,0.208286418292224,4,1.21349585846504,10.6747928739876,0.424452763638414,4.94639175737331,0.131863391700828,0.698077082024012,0.0897347493874319,6.00377311167268,57.1225635497014,502.491648463938,19.9801505671807,232.840166310643,6.20716990483798,32.8603943741071,4.22405967745443,282.613993873299,4.69881363941642,0.92081867778378,3.09443747655836,0.687543144006755,0.0206923446531808,4.95699008502989,0.103329624343035,53.3600111701099,0.316227766016838,1e-05,9.77237220955811,8.54976849544678,14.5151611879999,4.55146163823665,15.6424102073228,0.949459236416274,100.969869143953,12.9792341513981,67.8426361619013
"46",0.158489319246111,1e-05,0.839237712248193,4,1.2720125425719,13.6006271624855,0.695445422600391,3.15166267063047,0.138950985071076,0.356660024429215,0.0835865358030154,10.912269740196,241.259722536466,2579.5999848466,131.903549753198,597.768682302015,26.3545169426042,67.646894707233,15.8536679165488,2069.70535403658,34.8518905366173,3.99552527012326,18.1803356200148,1.61073378113704,0.0882046285765143,10.590720919334,0.402491711844374,53.5887455965671,0.158489319246111,1e-05,1e-05,13.7655568757374,9.20028783063114,4.43374983832516,10.2795873200776,1.33490744584134,51.5873059334416,12.0899565385481,123.308648064214
"47",0.158489319246111,0.281838293126445,0.74995394993551,4,1.2669633693795,13.3481685449891,0.671771064963574,3.31387737401913,0.138373195876433,0.386952423086359,0.0845846731684624,10.4810865770281,214.737105423485,2262.37564978662,113.858204178531,561.667726331949,23.4528166076772,65.5844085775454,14.3362218027525,1776.43509484118,31.0204870240541,3.55409682305413,15.843286045564,1.52289921762302,0.0784273551420525,10.201549632709,0.361617782059697,55.8539144402119,0.158489319246111,1e-05,0.281838293126445,13.145127109862,9.69672669726618,4.45816841871783,10.771501853148,1.28907165470704,55.968798475211,12.2343271270864,118.436278320418
"48",0.158489319246111,0.467735141287198,0.702584534539146,4,1.26414498435665,13.2072492176608,0.658560507615727,3.40428493081698,0.138041210083942,0.403992633047039,0.0850161706326221,10.2405594503978,200.726129685873,2097.10124397399,104.568940662247,540.546335243808,21.9187499694946,64.1476085865311,13.499216547922,1626.03806504248,28.9964898662001,3.32178466295113,14.6319910322627,1.47131072983133,0.073276082015095,9.95119131874651,0.339588281974699,56.932689815514,0.158489319246111,1e-05,0.467735141287198,12.8048777723651,9.9726885737597,4.46669181870665,11.0434484949489,1.26373818727587,58.4334944439238,12.2967389203025,115.718321789496
"49",0.158489319246111,0.776247116628692,0.637882400358947,4,1.26010761298486,13.0053806253592,0.639641871469381,3.53362397296109,0.137554631984707,0.428559630821498,0.0854831861753011,9.89619048423638,181.658905967189,1874.87417086021,92.211682069513,509.412258455465,19.8300714157827,61.7817659972117,12.32337771725,1426.64889735166,26.2420773729157,3.0066112309172,13.0107904435844,1.39496979250919,0.066279738509298,9.55747633847745,0.309144980679914,58.239602574278,0.158489319246111,1e-05,0.776247116628692,12.3246998291875,10.3667199858347,4.47278992912888,11.4299372597385,1.22774758177761,61.9868650020215,12.3642880483955,111.826952471871
"50",0.158489319246111,1.28824955169313,0.556361290702604,4,1.2546470155019,12.7323507000531,0.614065705511858,3.70823757611937,0.136877279591857,0.462068217631692,0.0858408389816936,9.43077835004987,157.756369440102,1600.9358776301,77.2111797998209,466.265084762457,17.2106277067986,58.0993726096538,10.793425513412,1185.80392342705,22.7891653914572,2.61308698331421,11.0254627854319,1.28853246230804,0.0575299772109752,8.9710359308754,0.270258883670939,59.5527229412949,0.158489319246111,1e-05,1.28824955169313,11.6882749318674,10.8974950190037,4.47000953618077,11.9472558483043,1.17960369970961,66.833546998248,12.4160189503122,106.567795355564
"51",0.158489319246111,2.13796208950223,0.462936080956319,4,1.24772513020482,12.3862565253472,0.581665457804699,3.92906580648875,0.135989579917317,0.50498956789253,0.0858575113742432,8.84138195432983,130.541437906627,1295.89418210543,60.8559076068122,411.072829738237,14.2277131981871,52.8338034753824,8.98271800299358,925.016804951634,18.8577515408803,2.16712115804972,8.83445437394283,1.15116617320226,0.0475930785780795,8.16309057383435,0.225060889566449,60.461378295873,0.158489319246111,1e-05,2.13796208950223,10.9018190636124,11.5672541631495,4.44900075502271,12.5947954802629,1.11939284059994,73.0416910999755,12.4184304451705,99.9076160839271
"52",0.158489319246111,3.54813389233576,0.366227255634415,4,1.23951701331858,11.9758503229732,0.543275175405893,4.19021948389621,0.134899113549079,0.556509837605688,0.0852650473431346,8.14323743912874,102.591550586562,991.209512273648,44.9654518987645,346.813403553055,11.1652434642264,46.060849946534,7.05716284954331,673.994262844408,14.8201674669681,1.71129855995139,6.67130300162078,0.989228133621138,0.0374126047653013,7.15205570715429,0.177696390610603,60.4594211974632,0.158489319246111,1e-05,3.54813389233576,9.99650821961845,12.3578899671461,4.39970097797736,13.3519487374801,1.04905122678734,80.4935829112867,12.332736447711,92.0185830621548
"53",0.158489319246111,5.88843655355589,0.275678804735127,4,1.23038124838879,11.5190623989796,0.500586515726994,4.48004370517012,0.133642924740048,0.614634170222924,0.0838406226085243,7.36711074440732,76.6569472148994,717.67686596333,31.1882468648035,279.121999199348,8.32640991632327,38.2938046275914,5.2235566741465,458.996120267511,11.0737072276998,1.29000074491821,4.75705247425616,0.815773482454991,0.0279850102463292,6.0118767689034,0.132983387016836,59.1389723163069,0.158489319246111,1e-05,5.88843655355589,9.02069990942766,13.2345308601375,4.31447252884684,14.1826513104091,0.971900036713858,88.9006863810437,12.126707654097,83.2483514118027
"54",0.158489319246111,9.77237220955811,0.198332609878506,4,1.22077428028479,11.0387136684533,0.455742395155106,4.78395324585045,0.132280266948371,0.676656870983368,0.0814726219449698,6.55188888990088,54.7189728924048,494.790137493891,20.427818777927,214.431948809697,5.92922087092087,30.3299058464442,3.6518611701419,293.676428435975,7.90459192057627,0.934258213414,3.22361826624486,0.646411583113794,0.0200204083683335,4.84979087095751,0.0946925331875339,56.3629606600176,0.158489319246111,1e-05,9.77237220955811,8.0270016012518,14.1541679579981,4.19034664468219,15.0445312987887,0.891759747198499,97.8716498190343,11.7842000381204,74.0363444558799
"55",0.0794328234724282,1e-05,0.680717996581049,4,1.2859803140884,14.2990156875208,0.752684398593828,2.89017354771251,0.139647919731731,0.324992208700332,0.0680624404573828,11.9123975634718,197.838127129056,2199.79299248717,115.794674386304,444.630851260511,21.4837525851079,49.9975382176725,10.470880152988,1832.63024927766,53.1318692445532,3.58580574742432,16.4787271085736,1.24724841573031,0.0740354015946421,8.93547214562322,0.303460101964107,50.8534743017674,0.0794328234724282,1e-05,1e-05,11.8636033482318,8.5745631215281,3.71327156976024,9.22420317645512,1.1628419390057,47.0068730664161,9.84455138775585,134.610092467231
"56",0.0794328234724282,0.281838293126445,0.61703470793739,4,1.28080782453081,14.0403912649799,0.72890282264509,3.04699944600894,0.139090676704831,0.353942146334288,0.0692853844766255,11.4803048039197,178.608451316924,1957.93037151406,101.645384904535,424.903597395295,19.3961731674877,49.357177089165,9.66183605631935,1600.92671390845,47.9675026197173,3.23526940762888,14.5985762970628,1.19807536260763,0.0667120747154026,8.72195922274761,0.276868105719498,53.6624811940937,0.0794328234724282,1e-05,0.281838293126445,11.4019207318273,9.05910477663876,3.75424131306566,9.71290501693285,1.1287536470073,51.1941920457915,10.0214380106991,129.727444284293
"57",0.0794328234724282,0.467735141287198,0.582628232070037,4,1.27790399581359,13.8951998546841,0.71554600845333,3.1350620815095,0.138769820211588,0.370326157166072,0.0698711350877899,11.2377166027203,168.26670575896,1829.63627398435,94.2187911266055,412.80610322341,18.2723745932893,48.7623191780048,9.20021047541723,1479.71487622483,45.1900992914511,3.04744720219661,13.6050097047101,1.16781999676445,0.0627919484307524,8.5715492412756,0.262254084432506,55.0792261414781,0.0794328234724282,1e-05,0.467735141287198,11.145706879564,9.32996077756564,3.77299836282628,9.9852795292435,1.10972019916204,53.5639753725006,10.1061609790979,126.986197610739
"58",0.0794328234724282,0.776247116628692,0.534891359492161,4,1.27372321789742,13.6861606874329,0.696309493311727,3.26186520559529,0.138298508209426,0.394072362384146,0.0705920303739246,10.8884460910668,153.974600862162,1654.45765577039,84.1736845200865,394.312034232035,16.7182770182443,47.6376137737912,8.53354916370062,1316.25467552417,41.3517782376394,2.78867174635171,12.2529264166387,1.12139836348745,0.0573934402009523,8.32087733234631,0.241712072328743,56.904683220062,0.0794328234724282,1e-05,0.776247116628692,10.7804625055786,9.71861649358406,3.7948763096074,10.375106460458,1.0824405708114,56.9986264952429,10.2104312732844,123.039440829055
"59",0.0794328234724282,1.28824955169313,0.473444367428535,4,1.26802898330718,13.4014490299385,0.670099943301804,3.43458361279819,0.1376401267685,0.426699368127867,0.0713494702663577,10.4127458292953,135.677106653539,1433.93396624473,71.6996398921149,367.495044102814,14.7272770616573,45.6561612081525,7.6342810885554,1114.14742488993,36.437760480277,2.4586934562612,10.5591281720048,1.0536925922162,0.0505112319145181,7.92347407122609,0.214849288944478,58.9659185781924,0.0794328234724282,1e-05,1.28824955169313,10.289665054812,10.2457537409637,3.81531420677876,10.9019465425936,1.04550921057609,61.7177966060146,10.319987379326,117.664027871037
"60",0.0794328234724282,2.13796208950223,0.40107960213583,4,1.2607444303333,13.0372215170702,0.636558847473704,3.65552876026302,0.136772744888152,0.468890922111184,0.0719557383271315,9.80423024867146,114.278905639948,1181.74577789925,57.7002338574599,331.351712692297,12.397627331225,42.5021440937131,6.5223552313177,888.69454942906,30.6910096652477,2.0746210287939,8.63505524539519,0.961637304608597,0.0424996691534415,7.34034538705577,0.182666804186985,60.8599667055459,0.0794328234724282,1e-05,2.13796208950223,9.67254437768928,10.9169373570723,3.82641936191245,11.5696277462825,0.998608379428319,67.8203829741616,10.4076779916363,110.787801809987
"61",0.0794328234724282,3.54813389233576,0.323738548354264,4,1.25200894041424,12.6004470155551,0.596325431451722,3.92043291815295,0.135699374918253,0.520121842561388,0.072165459207287,9.07459951902575,91.603123858556,921.910596147321,43.6300976726298,286.838129176542,9.92843281458725,38.0546688028661,5.27997946714942,663.942274591967,24.6011487769013,1.66964311654787,6.67000185565663,0.846851342908838,0.0340475097914227,6.56481185254323,0.147705306151484,62.0087648044903,0.0794328234724282,1e-05,3.54813389233576,8.9474462227677,11.7179780301001,3.81840057424197,12.3619572608519,0.942808042535987,75.2304233080791,10.438012019742,102.542974564991
"62",0.0794328234724282,5.88843655355589,0.248787562838302,4,1.24216098527222,12.108049187015,0.550960163743228,4.21897593288289,0.134451044318914,0.578675245602633,0.0717431604914463,8.25219406973943,69.8417301443861,680.787042839806,30.9782802170593,237.216095243478,7.55964296599981,32.5365881104037,4.03383016707041,463.987774653491,18.7568580823868,1.28268808475638,4.86646879903151,0.716748396588008,0.0259670583802356,5.63914002837759,0.113372573565076,61.84854996497,0.0794328234724282,1e-05,5.88843655355589,8.14814423085669,12.6172454203029,3.78233076465493,13.2456073663614,0.880361318535062,83.6995875239648,10.3769307334828,93.2497929880555
"63",0.0794328234724282,9.77237220955811,0.182540372833196,4,1.23166244984847,11.5831224729129,0.502595054595107,4.53712152141165,0.133081274948648,0.64201522078036,0.0705290626653703,7.37562640751918,50.8111557527971,477.851573819848,20.73411883488,187.174975028408,5.49015145345097,26.4857756950784,2.90961471515984,304.275008313364,13.6459625998236,0.945155904228994,3.36861373896806,0.582706083058772,0.0189202595350466,4.64627465465002,0.0827708075998796,60.0541743571024,0.0794328234724282,1e-05,9.77237220955811,7.31526901941529,13.5729882525341,3.71262193228671,14.1780060018952,0.814131319499527,92.8610815336713,10.2013236239192,83.3445784049668
