"","convergence","mu","x_C","x_W","x_INH","C","AA","NT","ATP","ADP","RNA","DNA","P","tau TC","tau ATPS","tau EAA","tau ENT","tau ADPS","tau RNAP","tau DNAP","tau R","v TC","v ATPS","v EAA","v ENT","v ADPS","v RNAP","v DNAP","v R","p TC","p ATPS","p EAA","p ENT","p ADPS","p RNAP","p DNAP","p R","q TC","q ATPS","q EAA","q ENT","q ADPS","q RNAP","q DNAP","q R"
"1",4,1.01645261062889,10,1e-05,1e-05,26.6054512161098,4.87566548685349,5.97284626904399,11.999521858331,1.52812890034416,58.7285362026229,16.4952748572217,99.7945752939512,0.0281076909147497,0.00147081517933993,0.164040220015,0.00261445743914903,0.00829482864776248,0.131258034904277,0.021285086741234,0.0254981679501462,285.01015913456,2764.59345232823,126.67963081363,823.020056438212,30.8316968945289,93.2730842837017,26.197914361975,2028.72913168275,8.01097746051784,4.06620601438814,20.7805545100869,2.15175090912374,0.255743642659867,12.2428417525397,0.557624879634058,51.728876125001,1.24069423959198,12.0347119609093,0.551456441768119,3.58273630032066,0.134215246396982,0.406032468215037,0.114043659134552,8.83137834459745
"2",4,0.853516595767964,1,1e-05,1e-05,11.7573117275943,3.3707007366519,4.96542190850958,11.5538513277582,1.73994711304869,59.5130873726167,14.5887975408558,118.510881709098,0.0789186581947534,0.00173852925576072,0.208540303608892,0.00324880386130964,0.00679711628496961,0.141430418582836,0.0229346624728924,0.026970933710699,245.41631480113,2626.07823194205,124.258154199471,689.642064869922,27.970190209919,79.3678245904956,19.4559075209676,2023.02008635618,19.3679262632064,4.56551383414766,25.9128332026381,2.24051180327095,0.190116635369538,11.2250246538429,0.446214672097201,54.5627406445251,1.27228094068056,13.6140471587775,0.644175923838803,3.57522463710936,0.145002339963122,0.411456632830591,0.100862814856581,10.4876886468228
"3",-1,6.43925364874799e-05,0.2,1e-05,1e-05,0.900441841888163,2.99117711507679,10.7358395552637,0.0136090297133507,5.97101902751832,0.5402762339214,0.00498885482200332,204.842804289845,0.138732771293917,0.00542524144841379,11239.6129057574,-0.0136025204858715,0.00507453599767433,164.60364334043,26.6924827038535,93.8553306745986,0.0199334845202481,0.269038061609361,0.016021026780841,0.0163311316332475,0.00235674612921495,5.43589954782844e-05,5.0194533774467e-07,0.263806954988632,0.00276542754903841,0.00145959644304401,180.070139369425,-0.000222144552598713,1.19593930700809e-05,0.00894768870405156,1.33981672460295e-05,24.759688994717,1.36974350989109,18.4871409927738,1.10089620470306,1.12220527931759,0.161945479811823,0.00373531688275304,3.4491529466284e-05,18.1276817955615
"4",4,0.268752680439379,0.05,1e-05,1e-05,1.10470591221043,0.845253711169288,1.93271212967765,8.44447807487754,1.86619069839867,46.6410642828136,6.8351445347162,158.330450398156,0.781247669338567,0.00629539898759118,0.761345797846861,0.0144798549138871,0.00776452096904858,0.256208274014636,0.0415472876780491,0.0500031103877886,80.4460934893493,985.399388969136,51.2892437281424,170.259735214856,9.3738742825679,19.5857985071118,2.8702553357743,851.034658793571,62.8483230459466,6.20348231568926,39.0488501871647,2.46533626358793,0.0727836434282237,5.01804363070554,0.11925132414487,42.554379987489,1.32447484914431,16.2237425142911,0.84443271765025,2.80317821951047,0.154332674065095,0.322463110362373,0.0472562536968764,14.0115442830227
"5",4,0.187240608400553,0.03,1e-05,1e-05,0.686482809051075,0.598679300612877,1.47499001004264,7.88190173101286,1.81913075604162,43.2688735878079,5.60229069352276,164.667651150235,1.26723519662757,0.00933294306560776,1.1064400945005,0.0222942865457695,0.00888999757562961,0.3174170834057,0.0514730405522758,0.0632439920641831,56.355247249212,701.943487175548,37.1110624987955,111.227444868419,6.55912003988492,12.6588909615434,1.63902549670618,616.649423705199,71.4153528288502,6.55119860108356,41.0611674981811,2.47973652765031,0.0583105612528405,4.01814824816388,0.0843656258581712,38.9993712591947,1.33175972473486,16.5879862282639,0.876990533986259,2.6284727437337,0.155001926620812,0.29914873885376,0.0387326513656164,14.5723585088703
"6",4,0.136443457030998,0.02,1e-05,1e-05,0.467360168549548,0.444096957611353,1.1606785179265,7.50570432266109,1.77245427255192,40.8580751289855,4.78741126042548,169.004218818016,1.87774575304699,0.0131075757322211,1.52909656445423,0.0321420711387479,0.0101989156718121,0.386849586893179,0.0627323654421371,0.0789934790341575,41.2183837078881,519.108124718654,27.7320179661775,77.2738379729176,4.79236853656588,8.71065159098599,1.02064209781497,461.190397367068,77.3976449549481,6.80424905796104,42.404933397465,2.4837411972896,0.048876962572681,3.36971196954334,0.0640272930657583,36.4310339851702,1.3366872458716,16.8343624159857,0.899332564332877,2.50594381356541,0.155413612181936,0.28248116101345,0.0330988057274992,14.9561255591164
"7",4,0.990909233971866,10,1e-05,0.05,26.4875549907093,4.94701492545478,5.96018902635247,12.080328879444,1.52183354606244,59.5750485929181,16.4953194104854,98.9327124808088,0.0280779885476394,0.00147367019660315,0.164913810263938,0.00261317978767269,0.00826643122241194,0.13129081788017,0.0212904028994871,0.0264982046215678,277.653038737069,2685.37750120154,122.54204877717,809.034042672965,30.0310397557289,92.2397902578831,25.5396317518208,1960.66676678234,7.79593884187669,3.95736079014935,20.2088761813925,2.11415140785212,0.248249524678252,12.1102375040528,0.543749049900798,51.9541491809063,1.23982422065407,11.9912106229172,0.547195884524006,3.61263829851146,0.134099776577043,0.411885015161215,0.114043967163201,8.75510729918662
"8",4,0.834423896109276,1,1e-05,0.05,11.7737235281325,3.4314723135318,4.96756639232781,11.6374439308798,1.7323462455316,60.3588331513727,14.6001104390457,117.498503276515,0.0789893100538365,0.0017406262639006,0.209690880069127,0.00324077343636036,0.00678449115892598,0.141374840560631,0.0229256498206428,0.0279934644703071,239.715261935014,2556.7731008663,120.515573166446,679.904344159006,27.3062477885805,78.6950823793409,19.0354391190222,1960.87117781997,18.9349431496215,4.45038641020246,25.2710165993075,2.20341593781652,0.185258996705066,11.125504724285,0.436399811424867,54.8915776471525,1.27116086279191,13.5580432994768,0.639069363917479,3.60539327267126,0.144799430867908,0.417303879641681,0.100941029031013,10.3980976350899
"9",4,0.54866039874206,0.2,1e-05,0.05,3.72285069067383,1.85431611447317,3.41980210825985,10.2558871401011,1.88290984864816,56.045549157258,10.8775405300851,137.941144236422,0.236006395711753,0.0027832796086197,0.348787496053986,0.0056980364395819,0.00642601779156919,0.172344093434844,0.027947690827272,0.034148576916921,161.19361174081,1859.81808603079,91.8368016583899,410.580492737752,18.7620319554169,48.0468333567795,9.32511831963966,1513.65686399382,38.0427233187083,5.17639375459161,32.0315280960363,2.3395026090012,0.120565151151499,8.28058793728919,0.260615523725019,51.6892278459184,1.29997731070968,14.9988655739973,0.740635792912296,3.31120643687362,0.15131006484345,0.387483055567326,0.0752042348595482,12.207180905878
"10",4,0.265221160432175,0.05,1e-05,0.05,1.10734801632742,0.859455082891841,1.94352409677374,8.51890982430942,1.86524362363081,47.3410557842844,6.85701816454952,157.507446078685,0.782750177826949,0.00629591622485881,0.765950871964681,0.0144052516829472,0.00773610507133206,0.255287763013515,0.0413980156238132,0.0515745394797968,79.336145366877,969.808146556108,50.3571148252605,169.578755325686,9.24438094263964,19.6185152362379,2.84160361672864,835.486152513943,62.1003818940277,6.10583084490285,38.5710760100338,2.44282465054744,0.07151550229168,5.00836686830574,0.117636750922016,43.0898135576539,1.32359307391558,16.1796535472278,0.840125621138557,2.8291425679223,0.154227288605119,0.32730265337586,0.0474074817792417,13.9387120423615
"11",4,0.185070654454405,0.03,1e-05,0.05,0.68817192889314,0.608431644132718,1.48447296666401,7.95076322626918,1.81889430906638,43.9162842853357,5.62046936224174,163.912510401882,1.26978526448492,0.00933130505431628,1.11276736912104,0.0221754788782588,0.00885131870681883,0.316025361832048,0.0512473559727646,0.0651388330323114,55.6684162340609,692.122433723417,36.5150775305794,110.940724287961,6.47931864202759,12.6993991779575,1.6252874112672,606.707911466817,70.6869346312236,6.45840556400901,40.6327867569535,2.46016368818642,0.0573505143036188,4.01333222026363,0.0832916825232635,39.5202453444194,1.33095344878198,16.5476728540362,0.87302408905483,2.65243650871261,0.154911385589008,0.303624753078925,0.0388583335331978,14.5055318939719
"12",4,0.135003513313408,0.02,1e-05,0.05,0.468540535162174,0.45118050301056,1.16891464877443,7.57017261839415,1.77252364421213,41.4648384021924,4.80231567457499,168.301514025784,1.88167678339134,0.0131027841273927,1.53742049023344,0.0319684748508515,0.0101476096269137,0.384903292011939,0.0624167500559901,0.0812717506244303,40.7605513042756,512.487864420555,27.326465780381,77.1414044486175,4.73932746186368,8.74671697385736,1.01301482516824,454.425913788934,76.698183067487,6.71501785541101,42.0122684164208,2.466093048075,0.0480928449771045,3.3666401575344,0.0632290931455387,36.9319895427331,1.33593872688068,16.7969363325069,0.895632731566156,2.52833159393661,0.15533281305272,0.286676150457635,0.0332018506262098,14.8939392943172
"13",4,0.966849245672148,10,1e-05,0.1,26.3735286673393,5.01578827116312,5.94774399435719,12.1575069530641,1.5157669652496,60.3874530480123,16.4934778850089,98.1087331043919,0.0280492743518586,0.00147645264245479,0.165765998026716,0.00261201249414485,0.00823933056351006,0.131329193291941,0.0212966259392337,0.0274922214054909,270.729812464103,2611.09420083837,118.677136621423,795.644139576197,29.2776427263883,91.2274428555202,24.9167291431736,1897.12709191663,7.59377478503286,3.85515693252619,19.672633995003,2.07823243346615,0.241228176543059,11.9808264763021,0.530642260191372,52.1562380453271,1.2389930793654,11.949654214158,0.543125079630236,3.64125979920758,0.133988925667127,0.417501749502297,0.114031235377551,8.68218877030017
"14",4,0.816362428284481,1,1e-05,0.1,11.789209922135,3.49037832863932,4.96918308396431,11.7173793642441,1.72500101711007,61.1705776542944,14.6092860464359,116.528983680444,0.0790560295625793,0.0017426761197237,0.210810482816359,0.003233170655492,0.00677259942576504,0.141330309404358,0.022918428552058,0.0290091574521302,234.328581005708,2491.53364751864,117.005274627468,670.516172436469,26.6791784786089,78.0271270522253,18.6351128630797,1902.5976816578,18.5250872273445,4.34193618901884,24.6659384362772,2.1678932127544,0.18068738884411,11.0275980082241,0.427087502712028,55.1927557152691,1.27008800554761,13.5044004771003,0.634182118341471,3.63427518948919,0.144604232390754,0.422916051260332,0.101004466582107,10.3122994407473
"15",4,0.539105788772289,0.2,1e-05,0.1,3.73107851521046,1.88641346866642,3.43022037011677,10.3369606853023,1.87875043531456,56.8258520038553,10.8993683233335,137.011355855402,0.236406466927856,0.00278508835098724,0.350928205431402,0.00567509688445287,0.00641103268577815,0.172071417945946,0.0279034731804237,0.0352963876161193,158.263454757057,1821.27733396622,89.6533145040011,406.919904835851,18.4170016288512,47.8674152612434,9.1811133704225,1477.27230138375,37.4145041829123,5.07241828674644,31.4618767698662,2.3093098841558,0.118071999416594,8.23661401740957,0.256184950698013,52.1423757641975,1.29896726736337,14.9483634440089,0.735840887146679,3.33984644548408,0.151159863883793,0.392877848477982,0.0753551460407459,12.1248987482657
"16",-1,0.000209007023202352,0.05,1e-05,0.1,2.27775700065752,1.50706626460916,5.77959343900369e-06,3.71689954494302,3.24355802463392,28.6307190725188,14.2617726740654,172.351447175423,3.51664640143524,0.00305673683889812,0.486225513381274,0.00919881019095059,-0.0975049145051842,17026.4323046232,2761.04307642538,0.0663512412839051,0.0632357522297258,0.80012084622744,0.0435421829362377,0.110536987834283,0.00699447645290537,0.00935003338357807,0.00465751664405477,0.720453258375052,0.222377780520715,0.00244575886623375,0.0211713202519136,0.00101680877016699,-0.000681995828549062,159.197710451459,12.8596040834034,0.0478029679802186,1.33873115419175,16.9389414404628,0.921808862279278,2.34012096142516,0.148076415707811,0.197944683853145,0.0986018575364033,15.252340458002
"17",-1,1.69609526899649e-08,0.03,1e-05,0.1,1.59314847817044,0.459757032786533,0.00133646866821899,1.67840620974972,7.36993690415592,27.974341168859,13.3478823244237,173.575139325354,33770235.3085486,0.0035733756736025,0.437576686655075,0.0314385052273523,-0.1195174823054,75.9525674199951,12.3166325545938,0.14673236174915,5.13988328604549e-06,6.53354430786348e-05,3.54059758878364e-06,9.01361666168516e-06,6.17464064010633e-07,7.41361682965555e-07,3.5373875096214e-07,5.88799945250279e-05,173.575068028232,2.33468082921235e-07,1.5492829616789e-06,2.83374634535738e-07,-7.37977503446113e-08,5.63083232080424e-05,4.35687021592164e-06,8.63960065643434e-06,1.34089439515313,17.0447312815135,0.923672231076157,2.35147519682523,0.161084222454659,0.193406672904169,0.0922834784597879,15.3606317987039
"18",-1,3.83778729128652e-05,0.02,1e-05,0.1,52.0524569930419,5.61379226437603,2.03692457295679e-06,7.95815847926552,4.82075675857918,31.1849141596125,9.62980647749272,114.738640918277,-0.122066286821037,0.00120413389337578,0.139854072665817,0.00243387524308705,-0.0195520066987874,58429.3759240902,9475.03393363624,0.0422176276341633,0.0107448772187147,0.103576721463769,0.00549955538130927,0.0191826877373469,0.00119723846444665,0.00187001667565034,0.000577455451826096,0.0880684995871303,-0.00131158726443645,0.000124720240879266,0.000769135217927311,4.66882687797983e-05,-2.34084144769068e-05,109.263907325891,5.47141000121551,0.00371804312186893,1.23883115188621,11.9418832386533,0.634071510470393,2.21166893415405,0.138035668142361,0.215603665373427,0.0665777549605415,10.1538620281661
"19",-1,1.32417845176379e-06,10,1e-05,0.2,63.8373209585907,3.16003598597177,4.99709709722573e-08,4.23288929695772,1.0699375093002,26.3577139641616,16.9605494574658,110.381526144023,0.03823761857062,0.00136490604834737,0.126071337291789,0.0025314398456717,-0.0273606556804207,1832801.86350634,297211.113001028,0.061551723909421,0.000367780164619495,0.00342579348942312,0.000179582257630682,0.000628930788599848,2.9870113844759e-05,5.45348701079632e-05,3.50918658150785e-05,0.00292329676785434,1.40630376525601e-05,4.67588625410267e-06,2.26401753733787e-05,1.59210045843138e-06,-8.17265900041418e-07,99.9516115599512,10.4296924961822,0.000179933955560273,1.22894754780264,11.4473832825122,0.600079059109731,2.10158954925432,0.0998118079589232,0.182229770216826,0.117260435961461,9.76827664991353
"20",-1,1.32418208171328e-06,1,1e-05,0.2,63.8373209585907,3.16003598597177,4.99709709722573e-08,4.23288929695772,1.0699375093002,26.3577139641616,16.9605494574658,110.381526144023,-0.784499263902157,0.00136490604834737,0.126071337291789,0.0025314398456717,-0.0273606556804207,1832801.86350634,297211.113001028,0.061551723909421,0.000367781172809456,0.00342580288049675,0.000179582749916691,0.000628932512677893,2.98701957272306e-05,5.45350196035419e-05,3.50919620118565e-05,0.00292330478144163,-0.00028852405934609,4.67589907203586e-06,2.26402374365341e-05,1.59210482283124e-06,-8.17268140399532e-07,99.9518855557265,10.4297210869337,0.000179934448810385,1.22894754780264,11.4473832825122,0.600079059109731,2.10158954925432,0.0998118079589232,0.182229770216826,0.117260435961461,9.76827664991353
"21",-1,1.32417924890259e-06,0.2,1e-05,0.2,63.8373209585907,3.16003598597177,4.99709709722573e-08,4.23288929695772,1.0699375093002,26.3577139641616,16.9605494574658,110.381526144023,-0.142436215457583,0.00136490604834737,0.126071337291789,0.0025314398456717,-0.0273606556804207,1832801.86350634,297211.113001028,0.061551723909421,0.000367780386018535,0.00342579555170778,0.000179582365736946,0.000628931167208284,2.98701318261924e-05,5.45349029372701e-05,3.5091886939941e-05,0.00292329852764227,-5.23852463040092e-05,4.67588906892747e-06,2.26401890024799e-05,1.59210141685586e-06,-8.17266392025226e-07,99.9516717295661,10.4296987747261,0.000179934063878254,1.22894754780264,11.4473832825122,0.600079059109731,2.10158954925432,0.0998118079589232,0.182229770216826,0.117260435961461,9.76827664991353
"22",-1,1.32417915572975e-06,0.05,1e-05,0.2,63.8373209585907,3.16003598597177,4.99709709722573e-08,4.23288929695772,1.0699375093002,26.3577139641616,16.9605494574658,110.381526144023,-0.121318330828223,0.00136490604834737,0.126071337291789,0.0025314398456717,-0.0273606556804207,1832801.86350634,297211.113001028,0.061551723909421,0.000367780360140511,0.00342579531065952,0.000179582353101044,0.000628931122954983,2.9870129724449e-05,5.45348991000466e-05,3.50918844707808e-05,0.00292329832195107,-4.46184994036496e-05,4.67588873991925e-06,2.26401874094549e-05,1.59210130483129e-06,-8.17266334520148e-07,99.9516646966957,10.4296980408643,0.000179934051217606,1.22894754780264,11.4473832825122,0.600079059109731,2.10158954925432,0.0998118079589232,0.182229770216826,0.117260435961461,9.76827664991353
"23",-1,1.32417914510853e-06,0.03,1e-05,0.2,63.8373209585907,3.16003598597177,4.99709709722573e-08,4.23288929695772,1.0699375093002,26.3577139641616,16.9605494574658,110.381526144023,-0.118911002203189,0.00136490604834737,0.126071337291789,0.0025314398456717,-0.0273606556804207,1832801.86350634,297211.113001028,0.061551723909421,0.000367780357190551,0.00342579528318128,0.000179582351660617,0.000628931117910339,2.98701294848612e-05,5.45348986626232e-05,3.50918841893094e-05,0.00292329829850335,-4.37331308641752e-05,4.67588870241403e-06,2.26401872278584e-05,1.59210129206108e-06,-8.1726632796487e-07,99.9516638949852,10.4296979572078,0.000179934049774358,1.22894754780264,11.4473832825122,0.600079059109731,2.10158954925432,0.0998118079589232,0.182229770216826,0.117260435961461,9.76827664991353
"24",-1,1.3241791399327e-06,0.02,1e-05,0.2,63.8373209585907,3.16003598597177,4.99709709722573e-08,4.23288929695772,1.0699375093002,26.3577139641616,16.9605494574658,110.381526144023,-0.117737885230089,0.00136490604834737,0.126071337291789,0.0025314398456717,-0.0273606556804207,1832801.86350634,297211.113001028,0.061551723909421,0.000367780355753004,0.00342579526979084,0.000179582350958682,0.000628931115452029,2.98701293681075e-05,5.45348984494621e-05,3.50918840521454e-05,0.00292329828707702,-4.33016813155285e-05,4.67588868413734e-06,2.26401871393644e-05,1.59210128583801e-06,-8.17266324770413e-07,99.9516635043031,10.4296979164412,0.000179934049071048,1.22894754780264,11.4473832825122,0.600079059109731,2.10158954925432,0.0998118079589232,0.182229770216826,0.117260435961461,9.76827664991353
"25",-1,1.32417701272826e-06,10,1e-05,1,63.8373209585907,3.16003598597177,4.99709709722573e-08,4.23288929695772,1.0699375093002,26.3577139641616,16.9605494574658,110.381526144023,0.03823761857062,0.00136490604834737,0.126071337291789,0.0025314398456717,-0.0273606556804207,1832801.86350634,297211.113001028,0.102586206515702,0.000367779764938677,0.00342578976648189,0.000179582062471752,0.000628930105116627,2.98700813837601e-05,5.45348108428273e-05,3.50918276794014e-05,0.00292329359099556,1.40630223697174e-05,4.67588117263766e-06,2.26401507694314e-05,1.59209872823472e-06,-8.17265011887205e-07,99.9515029386996,10.4296811618352,0.000299889600031898,1.22894754780264,11.4473832825122,0.600079059109731,2.10158954925432,0.0998118079589232,0.182229770216826,0.117260435961461,9.76827664991353
"26",-1,1.32418064266986e-06,1,1e-05,1,63.8373209585907,3.16003598597177,4.99709709722573e-08,4.23288929695772,1.0699375093002,26.3577139641616,16.9605494574658,110.381526144023,-0.784499263902157,0.00136490604834737,0.126071337291789,0.0025314398456717,-0.0273606556804207,1832801.86350634,297211.113001028,0.102586206515702,0.000367780773126447,0.0034257991575351,0.00017958255475669,0.000628931829190925,2.98701632660538e-05,5.45349603380811e-05,3.50919238759703e-05,0.00292330160456544,-0.000288523745795064,4.67589399054299e-06,2.26402128324519e-05,1.59210309262509e-06,-8.17267252240449e-07,99.9517769338794,10.4297097525245,0.000299890422113632,1.22894754780264,11.4473832825122,0.600079059109731,2.10158954925432,0.0998118079589232,0.182229770216826,0.117260435961461,9.76827664991353
"27",-1,1.32417780986532e-06,0.2,1e-05,1,63.8373209585907,3.16003598597177,4.99709709722573e-08,4.23288929695772,1.0699375093002,26.3577139641616,16.9605494574658,110.381526144023,-0.142436215457583,0.00136490604834737,0.126071337291789,0.0025314398456717,-0.0273606556804207,1832801.86350634,297211.113001028,0.102586206515702,0.000367779986337236,0.00342579182876206,0.00017958217057778,0.00062893048372424,2.98700993651544e-05,5.45348436720628e-05,3.5091848804218e-05,0.00292329535077968,-5.23851893749177e-05,4.67588398745634e-06,2.2640164398503e-05,1.59209968665712e-06,-8.17265503869943e-07,99.9515631081836,10.4296874403654,0.000299889780561475,1.22894754780264,11.4473832825122,0.600079059109731,2.10158954925432,0.0998118079589232,0.182229770216826,0.117260435961461,9.76827664991353
"28",-1,1.32417771669269e-06,0.05,1e-05,1,63.8373209585907,3.16003598597177,4.99709709722573e-08,4.23288929695772,1.0699375093002,26.3577139641616,16.9605494574658,110.381526144023,-0.121318330828223,0.00136490604834737,0.126071337291789,0.0025314398456717,-0.0273606556804207,1832801.86350634,297211.113001028,0.102586206515702,0.000367779960459268,0.00342579158771433,0.000179582157941906,0.000628930439471036,2.98700972634156e-05,5.45348398348476e-05,3.50918463350631e-05,0.00292329514508892,-4.46184509149884e-05,4.67588365844883e-06,2.26401628054814e-05,1.59209957463279e-06,-8.17265446364991e-07,99.9515560753285,10.4296867065052,0.00029988975946044,1.22894754780264,11.4473832825122,0.600079059109731,2.10158954925432,0.0998118079589232,0.182229770216826,0.117260435961461,9.76827664991353
"29",-1,1.32417770607149e-06,0.03,1e-05,1,63.8373209585907,3.16003598597177,4.99709709722573e-08,4.23288929695772,1.0699375093002,26.3577139641616,16.9605494574658,110.381526144023,-0.118911002203189,0.00136490604834737,0.126071337291789,0.0025314398456717,-0.0273606556804207,1832801.86350634,297211.113001028,0.102586206515702,0.000367779957509315,0.00342579156023614,0.000179582156501483,0.000628930434426402,2.98700970238283e-05,5.45348393974251e-05,3.50918460535924e-05,0.00292329512164125,-4.37330833376789e-05,4.6758836209437e-06,2.26401626238853e-05,1.5920995618626e-06,-8.17265439809727e-07,99.9515552736198,10.4296866228489,0.000299889757055033,1.22894754780264,11.4473832825122,0.600079059109731,2.10158954925432,0.0998118079589232,0.182229770216826,0.117260435961461,9.76827664991353
"30",-1,1.32417770089567e-06,0.02,1e-05,1,63.8373209585907,3.16003598597177,4.99709709722573e-08,4.23288929695772,1.0699375093002,26.3577139641616,16.9605494574658,110.381526144023,-0.117737885230089,0.00136490604834737,0.126071337291789,0.0025314398456717,-0.0273606556804207,1832801.86350634,297211.113001028,0.102586206515702,0.000367779956071772,0.00342579154684573,0.000179582155799549,0.000628930431968098,2.98700969070749e-05,5.45348391842645e-05,3.50918459164287e-05,0.00292329511021495,-4.33016342579054e-05,4.67588360266704e-06,2.26401625353915e-05,1.59209955563956e-06,-8.17265436615277e-07,99.9515548829386,10.4296865820824,0.000299889755882852,1.22894754780264,11.4473832825122,0.600079059109731,2.10158954925432,0.0998118079589232,0.182229770216826,0.117260435961461,9.76827664991353
"31",-1,4.13983203951072e-06,10,1e-05,10,53.4330846362336,9.1949567405956,4.30234783077577e-07,4.73581712822942,1.7533880841514,44.0151908891895,5.96107071130378,106.906492597489,0.0352478645181369,0.00129140096039207,0.153832900422135,0.00253778976138072,-0.0237844637693313,367410.1931721,59580.0313252054,0.339855037621969,0.00114919544454285,0.0106796699286745,0.000569155484460791,0.00221464842169634,9.75123717963757e-05,0.000284711714794135,3.85591117506942e-05,0.00885149846573597,4.05066853341066e-05,1.37917360025606e-05,8.7554838965769e-05,5.62031208963895e-06,-2.31927947405246e-06,104.605986130873,2.29735308597846,0.00300822634408349,1.22829514501833,11.4147569815745,0.608330742732663,2.36708378649572,0.10422419739434,0.30430856532902,0.0412131548071334,9.46075155729987
"32",4,0.192096426463702,1,1e-05,10,12.0718747353608,7.55931110142566,4.50547583775443,15.6351465818589,1.27098737859467,104.0256440006,13.1131216944914,67.8184385323401,0.0802826734850655,0.00193647776891698,0.303709982190335,0.00295058031366653,0.00633184843277485,0.150372538143659,0.0243847359151879,0.199599213523167,52.7875472113041,468.687742846744,17.0853322776042,220.198077108828,5.81287026398231,31.2233663642197,3.93591221452413,260.553593808216,4.2379254168426,0.907603394586597,5.18898596174713,0.649712111424533,0.03680621347092,4.69513684957706,0.0959761799365332,52.0062924047547,1.215916516767,10.7958258687868,0.393546182921388,5.07207652299523,0.133894551597697,0.7192038440307,0.0906604099453219,6.00163172852567
"33",-1,1.82626733540427e-06,0.2,1e-05,10,9.23176956213467e-07,16.3601010684837,0.0555098222069754,8.38126008477792,7.10031833410621,49.4497744886506,29.6902536829435,115.340261834361,0.118577094011486,20760.9522488491,-0.633658988590187,-0.891506201061688,0.458169320255202,1.46679412153686,0.237858506195167,0.28636677711265,0.000524538504243395,0.00555563533061596,0.000282648501359368,0.00153035805495205,6.48372040833679e-05,0.000141107043580828,8.47224070016033e-05,0.0042128430529014,6.21982515303133e-05,115.340279810937,-0.000179102763497909,-0.00136432369583446,2.97064177221245e-05,0.000206974982031805,2.01519451706603e-05,0.00120641828754079,1.27088011045305,13.460492195505,0.684815996768661,3.70783383522158,0.157091066566778,0.341881737338569,0.205270006104422,10.2071028172001
"34",-1,1.34426238817902e-05,0.05,1e-05,10,0.0597184383010969,20.7573373117284,0.437456743255571,9.89817951599903,3.88626022950153,53.527429747735,22.2282691126922,115.515066903939,0.426846657379592,0.0812570608198485,-0.624129171580607,10741.6690007857,0.037425696000499,0.293653033895187,0.0476194109019223,0.267118322589402,0.00385135658118851,0.0404580080639072,0.00214242379475239,0.0107527803889321,0.000445967446990962,0.00112429547727773,0.000466884783164274,0.0310565119413896,0.00164393868305721,0.00328749882189883,-0.00133714918819339,115.502807776048,1.66906420972024e-05,0.000330152777897244,2.22327783333544e-05,0.00829576337526172,1.26771387428342,13.3171720320579,0.705200962816172,3.5393889396669,0.146794800250547,0.370073491065646,0.153679957914078,10.222572292384
"35",-1,1.34424975129732e-05,0.03,1e-05,10,0.0597184383010969,20.7573373117284,0.437456743255571,9.89817951599903,3.88626022950153,53.527429747735,22.2282691126922,115.515066903939,0.708804941480265,0.0812570608198485,-0.624129171580607,10741.6690007857,0.037425696000499,0.293653033895187,0.0476194109019223,0.267118322589402,0.00385132037610093,0.040457627734095,0.00214240365466941,0.0107526793062753,0.000445963254626496,0.0011242849082184,0.000466880394164162,0.0310562199913426,0.00272983491380397,0.00328746791741615,-0.00133713661818009,115.501721979607,1.66904851950444e-05,0.000330149674260906,2.22325693317547e-05,0.0082956853900549,1.26771387428342,13.3171720320579,0.705200962816172,3.5393889396669,0.146794800250547,0.370073491065646,0.153679957914078,10.222572292384
"36",-1,1.34423339090117e-05,0.02,1e-05,10,0.0597184383010969,20.7573373117284,0.437456743255571,9.89817951599903,3.88626022950153,53.527429747735,22.2282691126922,115.515066903939,1.07385138605627,0.0812570608198485,-0.624129171580607,10741.6690007857,0.037425696000499,0.293653033895187,0.0476194109019223,0.267118322589402,0.00385127350302025,0.0404571353383804,0.00214237758021973,0.0107525484391556,0.000445957826962845,0.00112427122493785,0.000466874711925281,0.0310558420168915,0.0041356953893001,0.00328742790678761,-0.00133712034435541,115.500316248324,1.66902820609545e-05,0.000330145656124057,2.22322987468866e-05,0.00829558442615353,1.26771387428342,13.3171720320579,0.705200962816172,3.5393889396669,0.146794800250547,0.370073491065646,0.153679957914078,10.222572292384
