"","x_C","x_INH","mu","convergence","f.TS","f.ATPS","f.AAS","f.NTS","f.ADPS","f.RNAP","f.DNAP","f.R","v.TS","v.ATPS","v.AAS","v.NTS","v.ADPS","v.RNAP","v.DNAP","v.R","p.TS","p.ATPS","p.AAS","p.NTS","p.ADPS","p.RNAP","p.DNAP","p.R","c.x_S","c.x_W","c.x_INH","c.S","c.AA","c.NT","c.ATP","c.ADP","c.RNA","c.DNA","c.P"
"1",5.01187233627272,1e-05,0.969642327709861,4,1.23660649886957,11.8303250382596,0.530371124667052,3.65279796146534,0.131020474862925,0.431653077114645,0.10707402123836,8.54870851848433,245.808530825132,2351.59270107077,105.425409833813,726.091041191862,26.0438146358662,85.8025643635966,21.2838181541177,1699.28387348913,8.0818473105377,3.55278600688716,18.7962084917891,1.75048420298576,0.218555993466721,9.74031257046718,0.426231946112957,45.0578357922178,5.01187233627272,1e-05,1e-05,26.1858757639888,3.5769657793884,4.97822808980928,10.5055298580437,1.44814250178994,56.6328837174415,14.0481115864728,87.6242623144643
"2",5.01187233627272,0.281838293126445,0.849771348391943,4,1.23192433485538,11.5962167395209,0.507639379325286,3.80561723943685,0.130249967446437,0.4620055642351,0.106795338748696,8.14672606604024,214.605070645115,2020.09721067253,88.43236697255,662.950421069074,22.689951545318,80.4828137133514,18.604081897143,1419.18515079436,7.01631929202076,3.08386071503794,16.2735165411252,1.5907200982005,0.187758430470239,9.15889331170312,0.373483932451286,45.8193898559035,5.01187233627272,1e-05,0.281838293126445,25.8054843867534,3.86134214938868,4.92336303786747,10.8603573226326,1.41883246828879,60.6151300276451,14.0115484438289,83.5039421769125
"3",5.01187233627272,0.467735141287198,0.787917888249269,4,1.22937158860411,11.4685794428484,0.495227858364046,3.88975994304353,0.129825865421048,0.47887446127804,0.106502130069178,7.92671715637042,198.571992523153,1852.44127364477,79.9907721147036,628.286345224489,20.9698849531506,77.3493196246735,17.2025613507219,1280.34845973231,6.47052452198931,2.8452965714842,14.9940161232581,1.5040334022438,0.172180272425508,8.81996032470389,0.346040618967208,46.0967990177248,5.01187233627272,1e-05,0.467735141287198,25.5804140668332,4.02308994127334,4.88964614405131,11.0544572447065,1.40213291374872,62.8283293196789,13.9730794650761,81.2488508527968
"4",5.01187233627272,0.776247116628692,0.705335213432057,4,1.22578660264667,11.2893296773075,0.477776523296842,4.0089294097688,0.129225912046648,0.502951206637182,0.105921093921523,7.61671545035663,177.241043274989,1632.36616027695,69.0834842366428,579.666011579031,18.6852551821469,72.7235853192662,15.3155248645593,1101.32921165485,5.74659369501703,2.53046002871836,13.3097694094659,1.3835147087748,0.151728584103434,8.32265748406543,0.309202115030192,46.3174073409802,5.01187233627272,1e-05,0.776247116628692,25.2426189614173,4.25858723646609,4.83766692639718,11.3279570448596,1.37779249701013,65.9871983107983,13.8968475225038,78.0713333661554
"5",5.01187233627272,1.28824955169313,0.60433943750021,4,1.22106506719181,11.0532533631819,0.45475676732493,4.16769078279604,0.128428727023723,0.535358045375396,0.104851267445263,7.20657504818725,151.27724405086,1369.3829686108,56.3396270377353,516.333480186703,15.9109816529188,66.3252859006927,12.9899799777561,892.81958973953,4.86960933781745,2.15126413622146,11.2882317347734,1.22818579296484,0.127284982870752,7.63839648818966,0.26390971629065,46.3005120547911,5.01187233627272,1e-05,1.28824955169313,24.7579917887815,4.58426420890747,4.76075782180768,11.6900428233013,1.34408725648769,70.238975553252,13.7564862888185,73.8673942439193
"6",5.01187233627272,2.13796208950223,0.49266450222413,4,1.2152752884761,10.7637644744425,0.42647610607487,4.36523987920528,0.127441659262054,0.576199661939406,0.103057616230095,6.70069316422363,122.738213987784,1087.09955670609,43.0724758945215,440.872740096406,12.8711262327062,58.1939895243733,10.4084299860831,676.744700773317,3.91243111165517,1.73967864446356,9.10352362466843,1.04523000865101,0.101043007080603,6.77112724644438,0.213644590163993,45.795426700165,5.01187233627272,1e-05,2.13796208950223,24.099916583227,5.00907582539778,4.65281112157683,12.1375019419975,1.30003449105703,75.5973956464501,13.5211592493885,68.6821049332922
"7",5.01187233627272,3.54813389233576,0.381505903365818,4,1.20866746296586,10.4333726791485,0.394135772194349,4.59462665354399,0.126304381804116,0.624334228384849,0.100339709563336,6.11929588852808,94.5283233271709,815.980620167715,30.8248503830568,359.339824378238,9.8781027922443,48.8283747294433,7.847439265787,478.582238712706,2.97565932278817,1.33833083031846,6.98383786187285,0.849746008622548,0.0758381220831989,5.77059500215129,0.163606336830005,44.5651693727463,5.01187233627272,1e-05,3.54813389233576,23.2598737201501,5.53049387094608,4.51015260631671,12.6537281041236,1.24575010574256,81.9126507640922,13.1645698947097,62.7227828574128
"8",5.01187233627272,5.88843655355589,0.281413920775317,4,1.2016072443074,10.0803622076022,0.359519338612801,4.84437921880023,0.125079118612654,0.677614320431303,0.0966027479273923,5.4932943348777,69.3205461997766,581.534621593716,20.7406180680833,279.471528685433,7.2157960610611,39.0914710506454,5.57299840064301,316.907346833908,2.14950910349829,0.984291622563176,5.12398297818251,0.660077028525253,0.0540480894149103,4.72284908207006,0.118777670615141,42.4927313576271,5.01187233627272,1e-05,5.88843655355589,22.2541204781814,6.13394409662853,4.33285224314246,13.2131189164618,1.18241799627661,88.9029988405869,12.6742805280739,56.3062669324965
"9",5.01187233627272,9.77237220955811,0.198909360799572,4,1.19447719173946,9.72385953514351,0.324516338553429,5.10144204929274,0.123833675645356,0.733432090751699,0.0918874894778186,4.85610642073145,48.7065024132056,396.504170351245,13.2326141814894,208.01853832208,5.04949383995626,29.9067342140694,3.74684276848961,198.01462994509,1.48480759306465,0.697708910829274,3.6263268270567,0.491584925823134,0.0368612628954384,3.72089263143382,0.0822370356837173,39.6346716257106,5.01187233627272,1e-05,9.77237220955811,21.1226883760637,6.79574042845607,4.12475036560317,13.7878780345692,1.1119232691996,96.2262903066229,12.0556386194898,49.7750908124973
"10",2.51188643150958,1e-05,0.92637088143989,4,1.24746458947225,12.37322902464,0.561243915964784,3.67454797210327,0.135088465144375,0.436228357489559,0.103817823692829,9.09275429605127,236.901048619463,2349.75081095174,106.58360433269,697.818819981146,25.654114208272,82.8423958475191,19.7156308129169,1726.76887644962,10.854851248589,3.70588006450629,20.2839657016801,1.7857574207602,0.202725995306061,9.59090922060748,0.402662919682709,46.3739789633936,2.51188643150958,1e-05,1e-05,21.0347698669188,3.21412493135018,4.721041016436,10.4569172911708,1.51835822925682,57.2331605026302,13.6208984684992,93.2007315345255
"11",2.51188643150958,0.281838293126445,0.815192514107635,4,1.24215860473028,12.1079302421198,0.536552313071463,3.82691020252654,0.134071705920666,0.466534179310485,0.10363422380836,8.65871333446238,207.582671161654,2023.41028941627,89.6656529538135,639.532052598662,22.4053214591343,77.9646099625976,17.3187779080557,1446.99624987183,9.49367620831419,3.2198323344248,17.6034802837483,1.62285701465899,0.175124993539499,9.04095111227357,0.354289013006542,47.2416007182736,2.51188643150958,1e-05,0.281838293126445,20.9644936747857,3.49105016576263,4.6889300353088,10.8131982337488,1.48442169997808,61.2092843255357,13.5968101636568,88.7518116782394
"12",2.51188643150958,0.467735141287198,0.757528121420128,4,1.23925524600564,11.9627622438707,0.52304943948415,3.91072075134313,0.133509765378322,0.483363232617488,0.10339751660842,8.42076224733488,192.447993185672,1857.73640596698,81.2260551569673,607.308593553553,20.7331673604478,75.0630545214987,16.056937935756,1307.68766226057,8.78965898789694,2.97189395967459,16.2373005683526,1.53438155626631,0.161091307240057,8.71821452410615,0.328993924615773,47.5712782070301,2.51188643150958,1e-05,0.467735141287198,20.9139962297848,3.6497594520318,4.66711777094786,11.0082058678718,1.46509757702892,63.4172561194145,13.5657541790247,86.3128130351825
"13",2.51188643150958,0.776247116628692,0.680204800286157,4,1.23516647661387,11.7583234876221,0.504042781719581,4.02931827759107,0.132712417546586,0.507365441156574,0.102901152672117,8.08507651814955,172.234064141785,1639.60395631759,70.2847255334256,561.85613503113,18.5056828119175,70.7480437576711,14.3487408905233,1127.39911095687,7.8482754866134,2.64401004486522,14.4319783099522,1.41128063849933,0.142581786266061,8.24218332823576,0.294893675725499,47.8568310408754,2.51188643150958,1e-05,0.776247116628692,20.8273443809322,3.88232907927467,4.63124958024043,11.2831065859337,1.43696035885532,66.5663458797426,13.5006312305818,82.8720343110329
"14",2.51188643150958,1.28824955169313,0.585092039152649,4,1.22976377554726,11.4881887918899,0.478943913069895,4.18713070681827,0.131649440727935,0.539638988481283,0.101951976759402,7.64038698201903,147.502623997757,1377.93780031558,57.4463855012519,502.22065290745,15.7905431444067,64.7263876162412,12.2285144454494,916.417567841097,6.69546032566977,2.24811882703837,12.2545807814276,1.25247961379792,0.12031337954493,7.58287117258419,0.252725951397573,47.9074165142347,2.51188643150958,1e-05,1.28824955169313,20.6827844549734,4.20674230049449,4.57445780700464,11.6472337537819,1.39808041891408,70.8006352887443,13.3760993508336,78.3139665656951
"15",2.51188643150958,2.13796208950223,0.479166543630908,4,1.22311700559232,11.1558503421667,0.448086599913767,4.38320245079257,0.13032959982443,0.580259070322246,0.10031994688085,7.09132664821445,120.145733345301,1095.82960119254,44.015162002241,430.558213518064,12.8021646955376,56.9983502930429,9.85434225184733,696.574928355447,5.4203525197841,1.81730824805062,9.88867555694468,1.06527253947919,0.0961970249929354,6.74087513415452,0.205591648734848,47.4518254720573,2.51188643150958,1e-05,2.13796208950223,20.4531180094387,4.63443520928441,4.4894689677278,12.0974463143842,1.34746604146316,76.1299900262787,13.1619770307676,72.6860981441981
"16",2.51188643150958,3.54813389233576,0.372873072632255,4,1.21551298104226,10.7756489044327,0.412806099585135,4.61048990177194,0.128807625548588,0.62806001030951,0.0978047142774451,6.46012650120833,92.9125723134519,823.679609903455,31.5544771444975,352.421144882806,9.84592349893727,48.0082664975183,7.4760925877629,493.805479710215,4.15363853061071,1.39634022383877,7.58140475996777,0.865146695097481,0.0727852668432615,5.76174104502383,0.158283707195422,46.2269564088082,2.51188643150958,1e-05,3.54813389233576,20.1112183197205,5.16569445009024,4.37074989623067,12.6170754489695,1.28551398728455,82.4014733526077,12.8319785132008,66.2162966373854
"17",2.51188643150958,5.88843655355589,0.276357662724962,4,1.20738460344835,10.3692301921416,0.375103579724786,4.8575648988395,0.127172421929507,0.68089097144573,0.0943057220923558,5.78115853233599,68.4023473389135,587.451325132256,21.2508634573642,275.197182805511,7.20474002393979,38.5747346750505,5.34273233250182,327.521829266963,3.01952129500493,1.02464291033994,5.54933266464876,0.671014499021303,0.052302384454018,4.72856411678928,0.115535003727549,44.0959620824581,2.51188643150958,1e-05,5.88843655355589,19.6385663848656,5.7879838958484,4.21648413894198,13.1803243284795,1.21396002235488,89.3328954536797,12.3729107385171,59.2568749564439
"18",2.51188643150958,9.77237220955811,0.196168861537166,4,1.19919458276269,9.95972908689175,0.337106956656632,5.11159341106105,0.125523146649359,0.736171571605094,0.0898534359279288,5.09179467447278,48.2251503927295,400.526686819802,13.556627020236,205.560769318189,5.04786521882735,29.6048575150485,3.61342147739282,204.764570716828,2.0945967868583,0.72396307864073,3.91062919352296,0.498752617315151,0.0359480496852254,3.73394332642972,0.080398361783137,41.1126639991108,2.51188643150958,1e-05,9.77237220955811,19.0330414397145,6.47785161859443,4.02919175343957,13.7591564888327,1.13538250783709,96.5857101945884,11.7887707937443,52.190895413346
"19",1.25892541179417,1e-05,0.853566300347328,4,1.26137071857113,13.068535919863,0.601816233465995,3.68060060404153,0.140109890188759,0.439619033126282,0.0984929210344043,9.81212523093337,220.716025211527,2286.7466804951,105.306461457149,644.035511332813,24.5165815251503,76.9250182919134,17.2343988346363,1716.93638354206,14.9462403370888,3.9353796767256,22.506333224187,1.85055700575776,0.179364395336057,9.21771093656397,0.364313652715813,47.5743843886921,1.25892541179417,1e-05,1e-05,14.8735660513891,2.68318752004846,4.32391543578109,10.3301354242466,1.61462360122883,57.6780171461682,12.9222712397139,100.574283617067
"20",1.25892541179417,0.281838293126445,0.755744096241375,4,1.2557085800957,12.7854291355725,0.575730316540838,3.83509476061537,0.138976837218326,0.470145037214208,0.0984722474480066,9.35730774664937,194.543840931427,1980.81508035988,89.1964814893478,594.161795891565,21.5313394696199,72.8384139316229,15.2560630287524,1449.70466768001,13.2317929601398,3.43306817159929,19.678179291766,1.6847701615168,0.156028086101868,8.72988509545262,0.322562853652851,48.6761177829268,1.25892541179417,1e-05,0.281838293126445,14.9629440270381,2.92982960708457,4.32014594045791,10.6928616680732,1.57922607027904,61.683028882504,12.9195588651785,95.912404403156
"21",1.25892541179417,0.467735141287198,0.704646544601447,4,1.25258922653836,12.6294613282331,0.561399437782285,3.92010011969427,0.138343786718626,0.48710199750761,0.0983309901079437,9.10685676506812,180.939697408477,1824.35778844899,81.0955756647688,566.268425786028,19.9841116120637,70.363121579501,14.2041614433943,1315.50860609554,12.3343915979829,3.17522330487827,18.2223183291976,1.59433903157977,0.144093601770457,8.44026916664427,0.300573459309182,49.1340733505859,1.25892541179417,1e-05,0.467735141287198,15.0090767208938,3.07254653503047,4.31366092358479,10.8917786575623,1.55884734042851,63.9077820729985,12.9010259021622,93.3452818419483
"22",1.25892541179417,0.776247116628692,0.635711378959761,4,1.2481700828735,12.408504144799,0.541148612193611,4.04039000735439,0.137436793398461,0.511290397164427,0.0979757421464734,8.75219056713971,162.662564534766,1617.08659254721,70.522937748351,526.546990137651,17.9108773574844,66.6317903032077,12.7682802996308,1140.59276254277,11.121777265456,2.83247060144815,16.2823129672751,1.46807161878726,0.128268699979397,8.00912768087996,0.270744706489841,49.5971797728664,1.25892541179417,1e-05,0.776247116628692,15.0702162102226,3.28352152387173,4.29908958103412,11.1726069549571,1.52889493453535,67.0813001079728,12.8544173696173,89.7099533131821
"23",1.25892541179417,1.28824955169313,0.550209149042152,4,1.24228232078771,12.1141160423449,0.514266487564014,4.20040277973476,0.136210985995723,0.543813821944438,0.0972233959290129,8.27992415790781,140.120595211096,1366.38598320657,58.005595933216,473.775508009792,15.3636287924543,61.338324742929,10.9661063979235,933.916455136483,9.61483129568938,2.41580368309668,13.9160015498984,1.30443852124521,0.109082152641265,7.40492236843133,0.233541941262887,49.8706011062899,1.25892541179417,1e-05,1.28824955169313,15.1430807765361,3.58156280835679,4.26980647748839,11.5452606264493,1.48698369548439,71.3483734391103,12.7557095458865,84.8692226185551
"24",1.25892541179417,2.13796208950223,0.453974633327237,4,1.23495995082071,11.7479972267731,0.481001156385213,4.3990090180903,0.134660752892842,0.584730739246295,0.0958473102345252,7.69299851771651,114.931300623769,1093.32501033751,44.7642763379906,409.392893728105,12.53217601321,54.4178492036228,8.92001074141971,715.947367159804,7.91533168184439,1.95868358852217,11.3087116126424,1.11050804016875,0.0880823509242752,6.6224729403378,0.191499669221115,49.6579449229334,1.25892541179417,1e-05,2.13796208950223,15.2176960552751,3.9813552910555,4.21744676801636,12.0068537345709,1.43157454108125,76.716672989114,12.5751671027697,78.8532348065942
"25",1.25892541179417,3.54813389233576,0.356200608065205,4,1.2264718074706,11.3235900795064,0.442686728585978,4.62874333186436,0.132831384815746,0.632822825824538,0.0936406937177775,7.01314070754853,89.5583507371509,826.861282719271,32.3254827904679,337.996043824509,9.69949710850993,46.2094344480295,6.8377487685936,512.107421817504,6.18592061388248,1.50812545846826,8.72572877598298,0.90208102266744,0.0674202687805524,5.69854421783691,0.148754543817038,48.6481173509368,1.25892541179417,1e-05,3.54813389233576,15.277110934414,4.48914865727848,4.13409738271443,12.5403449173367,1.36259329742884,83.0263547481793,12.2856590157724,71.8846922523724
"26",1.25892541179417,5.88843655355589,0.266225851400725,4,1.21726271230459,10.8631356110536,0.401436113580253,4.87757634616494,0.130812315568766,0.68585276551129,0.0904889736437742,6.27596317231953,66.4336944021374,592.869743021526,21.9088975797847,266.200067683608,7.13925211762896,37.4313059689259,4.93855333039176,342.518845976624,4.5937888237417,1.10712731725344,6.41441687829141,0.698997129528187,0.0490558953078117,4.70830344120636,0.109585487487228,46.6473475434591,1.25892541179417,1e-05,5.88843655355589,15.2998112663519,5.1000562644215,4.01501746473917,13.118816029434,1.28164029875657,89.9838828350812,11.8721533420632,64.3286225162752
"27",1.25892541179417,9.77237220955811,0.190471347248989,4,1.20784152839692,10.3920762093891,0.359591578586252,5.13210199152395,0.128716342254401,0.741145672386542,0.0864068328203331,5.5218361377768,47.1621366512929,405.775515044883,14.0408379487064,200.391268011681,5.02593890004233,28.9392380190805,3.37389530105543,215.609071532352,3.25546340544894,0.780823726316059,4.5242608497913,0.518327823758423,0.0341404132230081,3.74088646249615,0.0769383499804223,43.6679793811979,1.25892541179417,1e-05,9.77237220955811,15.2640382079068,5.79768911552705,3.86025884029646,13.7126147847649,1.19169081902453,97.2383122171143,11.3365764660277,56.5988204122122
"28",0.630957344480193,1e-05,0.74559550757221,4,1.27581512128773,13.7907560646125,0.646865391457471,3.63562997398322,0.144787813588122,0.437241311128823,0.09031701528568,10.6124643220986,195.004614699589,2107.87678239885,98.871485624299,555.695422038335,22.1303943893138,66.8310572470398,13.8046919751384,1622.08417317955,20.3998952461585,4.24033304006492,25.332202364965,1.94619405041804,0.15215457801811,8.49245003271596,0.309460498325925,47.9050694908445,0.630957344480193,1e-05,1e-05,9.3959094631443,2.07409408696845,3.77682878610821,10.0490396323416,1.7107163034172,57.3660600201016,11.8495924054812,108.777759301511
"29",0.630957344480193,0.281838293126445,0.665591942952701,4,1.27012005002602,13.5060025388922,0.620237421360422,3.79311343583393,0.143692079813909,0.467937835156667,0.0905199477029016,10.1528348698422,173.3032427354,1842.844726634,84.6291312269275,517.556477027323,19.6062595710021,63.8484088410164,12.351116312848,1385.31724293673,18.2958427395767,3.72731243525818,22.425445820797,1.78025979149572,0.133380033136794,8.09703553617985,0.276315984738489,49.3309650747002,0.630957344480193,1e-05,0.281838293126445,9.49478225511891,2.2688024798271,3.80104647766871,10.4199064727226,1.67924363348143,61.3934439725547,11.8762171386207,104.066557415883
"30",0.630957344480193,0.467735141287198,0.623423003343133,4,1.26696615377795,13.3483076858763,0.605534090411464,3.88006197591115,0.143075539674394,0.48503493170337,0.0905139086930801,9.89857102110003,161.920448168081,1705.93662375083,77.3882956605483,495.878577486904,18.2852994429938,61.9882964390135,11.567832824362,1265.05435932979,17.1818967169737,3.46149635254288,20.9086540827748,1.68899676927197,0.123715963753167,7.85837594525609,0.258701493116074,49.9785156425866,0.630957344480193,1e-05,0.467735141287198,9.55013898052932,2.38206497481987,3.81041604721624,10.6241814672638,1.66083771626846,63.6365830394821,11.8754248205321,101.460352966275
"31",0.630957344480193,0.776247116628692,0.566084787200553,4,1.26247731563226,13.1238652890943,0.584664175645609,4.00345640944275,0.142186506902587,0.509479161480814,0.0903630914015807,9.53705578838186,146.507186525868,1522.99020033226,67.8487465680969,464.590632769248,16.5003717930619,59.1237225555465,10.4864001302038,1106.75035027962,15.6614124389455,3.10532563927949,18.8636303090621,1.56067262609706,0.110825716404495,7.49841208251614,0.234616088377789,50.7199269302315,0.630957344480193,1e-05,0.776247116628692,9.62970434549524,2.55036981025293,3.81873139187364,10.9136647795311,1.6334062830895,66.8436659862828,11.8556375918874,97.7548218309141
"32",0.630957344480193,1.28824955169313,0.494187935433558,4,1.2564571043043,12.8228552141869,0.556787511616766,4.1682254359222,0.14097357318034,0.54244895017544,0.0899036741379919,9.05295838595152,127.289818179078,1299.06457065581,56.4073225224209,422.276778133007,14.2818250115402,54.9547039868869,9.10800877757984,917.141876935455,13.7446533791585,2.66764552535266,16.3285561255952,1.39281050305811,0.0950631455409817,6.98546509862571,0.204238553491824,51.37439112518,0.630957344480193,1e-05,1.28824955169313,9.73791817076454,2.7900517342333,3.8205102429464,11.2997657678083,1.59426632253747,71.1693022630178,11.7953620469045,92.792823456003
"33",0.630957344480193,2.13796208950223,0.412116493455953,4,1.24890272916969,12.4451365667377,0.522008414740803,4.37367313375478,0.139419212668052,0.584087906982207,0.088918761763613,8.44684974479505,105.512149749661,1051.4134387052,44.1012968746835,369.504881258134,11.7786761942552,49.3460133195845,7.51220210159542,713.622650002721,11.5411578618437,2.18089550716453,13.4763476438609,1.19156201875814,0.0776091037443587,6.30780099731262,0.169401404344359,51.6354353471206,0.630957344480193,1e-05,2.13796208950223,9.87629121064638,3.11547316088548,3.80726286990495,11.7811177126575,1.54116977846716,76.6323333960655,11.666141543386,86.5802098841492
"34",0.630957344480193,3.54813389233576,0.3273068177114,4,1.24004368924404,12.0021844612883,0.481545034121226,4.61246952335058,0.137551821305158,0.633237612627153,0.0871935346734903,7.73826291971066,83.2043245186622,805.321344329948,32.310659404104,309.487007903133,9.22943802486866,42.4889125080524,5.8505028635927,519.221173227248,9.24394946505561,1.69353866349477,10.5789812361987,0.972468303848778,0.0601805164932942,5.48947223277529,0.133343547351402,51.1452609618164,0.630957344480193,1e-05,3.54813389233576,10.0424442078829,3.53609808241036,3.76917937031584,12.3415914491907,1.47292544106844,83.0807747766825,11.4397917491619,79.3171949270342
"35",0.630957344480193,5.88843655355589,0.247780251763979,4,1.23029292213008,11.514646177384,0.437471078637461,4.87219560176039,0.135441873547137,0.687649400069365,0.0845864048442605,6.96154838531201,62.4926694477106,584.885895405095,22.2213222708712,247.482939833746,6.87976341301339,34.92911800228,4.29656234106475,353.611513373845,7.06701165048462,1.25258214105286,7.91301140522248,0.756229480727767,0.0444187976580467,4.59142168235036,0.0996332988942124,49.6315624930578,0.630957344480193,1e-05,5.88843655355589,10.2303700706105,4.05452598134176,3.69809460411075,12.9539487603714,1.38985173884193,90.2196012891008,11.097736315567,71.3558709494481
"36",0.630957344480193,9.77237220955811,0.179513731207951,4,1.22014347294018,11.0071736471075,0.392195288376198,5.13846761859426,0.133185394520594,0.744536538758869,0.0810741552207172,6.15726055572982,44.9016640244863,405.067456346448,14.4329101136109,189.097226455543,4.90126445812295,27.3991790791178,2.98355444218172,226.589127357613,5.17559466879069,0.888119303034108,5.66913514378521,0.561674366760244,0.0313717660744559,3.69316296764377,0.0709444979078579,47.0219179822343,0.630957344480193,1e-05,9.77237220955811,10.431547969053,4.66572928164396,3.59011560170929,13.5866492754038,1.29391412543384,97.6831938851636,10.6369291649581,63.1119206962306
"37",0.316227766016838,1e-05,0.606037891930692,4,1.28944539208377,14.4722691547017,0.69405751948818,3.51763735661631,0.148390386513408,0.425691358701721,0.0791180283482791,11.4459132476139,160.197817271529,1798.00241544364,86.2281569777987,437.023413276982,18.4356903902002,52.8869441963441,9.82944723835028,1422.01471284013,27.3510613646839,4.62820057581966,28.5897125808275,2.06495653155711,0.124997699590789,7.39754774387929,0.242544946057398,46.9215893456271,0.316227766016838,1e-05,1e-05,5.48679860309797,1.49705854942553,3.10602145970635,9.58035858226916,1.77816227939403,55.8507062616658,10.3802853192942,117.320610788043
"38",0.316227766016838,0.281838293126445,0.546577093095238,4,1.28390573399699,14.1952867756263,0.667619585902525,3.67542835456876,0.14740390467535,0.456028582925343,0.0795290662732055,10.9940596140932,143.859460098759,1590.5578092024,74.8056423739899,411.825513913601,16.5163575343097,51.0972293308532,8.91109700133836,1231.86573476329,24.8461624890318,4.11101140823662,25.6994674818108,1.90374134590188,0.110517664523745,7.11044598552921,0.218753239024522,48.6890114303964,0.316227766016838,1e-05,0.281838293126445,5.55202763403187,1.63508185667151,3.15081586630393,9.95352540844497,1.7542743045599,59.830950079805,10.4342134950446,112.689111044455
"39",0.316227766016838,0.467735141287198,0.51489019819479,4,1.28082421817418,14.0412111480233,0.652941663305074,3.7630173392291,0.146846449242293,0.472993563833954,0.0796570267566951,10.7429022449197,135.19418628742,1482.08480813462,68.919618797901,397.19585243925,15.5000084576859,49.9256487146016,8.40799757034429,1133.94008854516,23.5042607191172,3.83985452848583,24.1671097727298,1.81399761768568,0.103007563983177,6.93327548104526,0.205982890667257,49.547259436713,0.316227766016838,1e-05,0.467735141287198,5.5892381491421,1.71534336502749,3.17263219722024,10.160244681558,1.74003512994498,62.0567555750148,10.4510019104784,110.114748010427
"40",0.316227766016838,0.776247116628692,0.471386474886165,4,1.2764211800082,13.8210590613554,0.632007145043822,3.88791689972418,0.146039567843061,0.497337282615621,0.0797182330925755,10.3842970339166,123.345974505391,1335.58736357579,61.0735221420406,375.705845612322,14.1124208012851,48.0598040387366,7.70350986074087,1003.4785204627,21.6533160727634,3.47280422155362,22.0722108298827,1.68649302029763,0.0929217062505974,6.66139065260033,0.188362905866565,50.6115451884301,0.316227766016838,1e-05,0.776247116628692,5.64364455647105,1.83461121680949,3.19987111624895,10.4546811248483,1.71846347718647,65.2506514791695,10.4590321817459,106.439044597645
"41",0.316227766016838,1.28824955169313,0.416093098746304,4,1.27048381410866,13.5241904651794,0.603854281384625,4.05582080456023,0.144932816254375,0.530342491976131,0.0795790505991934,9.90126692756671,108.371107159496,1153.6010753318,51.508217822173,345.957804538485,12.3626366481889,45.237729431053,6.78802022061699,844.569011668133,19.2850553636832,3.01536955178325,19.4245667796937,1.5173240257854,0.0804667535480171,6.26540557773425,0.165849951636965,51.733948003694,0.316227766016838,1e-05,1.28824955169313,5.71951051895582,2.0045444747776,3.22907677753254,10.8501931749889,1.68698364534378,69.5809349472684,10.4407714386142,101.487986007559
"42",0.316227766016838,2.13796208950223,0.351840702123763,4,1.26297990493627,13.1489952443771,0.568413097707952,4.26705570857273,0.143504325714851,0.572319920478091,0.0790473536054012,9.2917934618117,91.0953859868013,948.402102395754,40.9981269957514,307.771394683615,10.3505858570487,41.2799157453877,5.7014756606777,670.192382796528,16.5079727725405,2.49736319658295,16.3692586463003,1.31083448716761,0.0664907241612707,5.72850377403042,0.139576886762844,52.620882496024,0.316227766016838,1e-05,2.13796208950223,5.8199750600524,2.2356254498463,3.25314189024719,11.3479810571409,1.64300720937964,75.0883735667256,10.3710127930286,95.2408829835699
"43",0.316227766016838,3.54813389233576,0.00105700011919486,-1,1.28521230413821,14.2606524171182,0.681486645676562,3.41855632241057,0.143339137677913,0.424910991013337,0.0812752389523037,11.355286013828,0.278486259526282,3.09006981746153,0.147667950470516,0.740749960253776,0.0310594445502226,0.0920718484704023,0.017611127138336,2.46052042737213,0.772713969698699,0.00460430351377415,0.0221605128912709,0.00282644312903322,-0.000594753288727964,106.181288964648,3.58287877538885,5.82580342575561,0.316227766016838,1e-05,3.54813389233576,12.3777744484414,0.0347443936108682,6.83909633160396e-05,4.02957148398915,5.75437370791558,55.7483220209499,10.6633113505422,116.391681641737
"44",0.316227766016838,5.88843655355589,5.81596813920584e-06,-1,1.24311525478096,12.1546149221398,0.627582653252196,4.0243620844951,0.113675379557351,0.571209374427664,0.0769204650285142,8.52471450075084,0.00148213333660919,0.0144916248919536,0.000748250146786773,0.00479814014113056,0.000135532139072125,0.000681037782109834,9.17102296410408e-05,0.0101637909260996,0.000112977615003087,0.00196005752682496,-0.000264007786742829,87.3749133063491,1.57390526496708e-06,0.000174160582065369,4.13733106011466e-06,0.00142142717351896,0.316227766016838,1e-05,5.88843655355589,0.0681508256619068,23.8004555574647,0.578833293310702,7.15519533455669,0.989112468982105,74.9426699249096,10.0919650117411,87.3783236326961
"45",0.316227766016838,9.77237220955811,0.000231506264132041,-1,1.20350468082641,10.0202310749603,0.522182185911639,3.43951695264319,0.114127219476839,0.461987881270185,0.0773929947704287,6.92959372778428,0.0571168688673267,0.475547983690285,0.0247821316466248,0.163235292625676,0.00541633907445639,0.0219253831357632,0.00367297743330496,0.328870092953793,-0.0080584646434717,0.000573255676572589,0.0140108018854727,0.00107409991168585,-6.7757339472385e-05,68.8514109849062,2.0347344812246,0.134658308167268,0.316227766016838,1e-05,9.77237220955811,32.4004928056675,21.8133452601394,2.57243745196978e-05,0.83477533530345,8.79176639027394,60.6128100226483,10.1539609138802,71.0283357097888
"46",0.158489319246111,1e-05,-1.31862984643447e-07,-1,1.2356145738814,11.7808071926478,0.588924419040291,2.53260910553067,0.085023674126456,0.310879496171575,0.0840064129891571,9.69562373172474,-3.34010242440933e-05,-0.000318457741575964,-1.59197529829325e-05,-6.84612660960415e-05,-2.2983524643116e-06,-8.4036671370752e-06,-2.27085395091777e-06,-0.000262091246065238,2.73485082295237e-06,-4.09067058723286e-07,-2.04154244258749e-06,1.76652280779923e-05,4.03773576646915e-08,-3.40596533258586e-06,-1.62362008850823e-07,99.3801288286592,0.158489319246111,1e-05,1e-05,50.6678758254036,1.47333400304539,0.263660086546089,-6.88522572289685e-08,1.40563377762172,40.7873898977107,11.0216413841774,99.3801432501786
"47",0.158489319246111,0.281838293126445,-0.000113037580001582,-1,1.21423724430127,10.6897224885512,0.827493830794802,2.22550711858169,0.0815308634347373,0.270350238328179,0.0709652816311116,8.86140019449685,-0.0281371601269391,-0.247709774003836,-0.0191752695203531,-0.0515710174869576,-0.00188929055711095,-0.00626474602216102,-0.00164445745844088,-0.205342602849352,3.38513802189142,-0.000804398300442586,0.00784434907070775,-0.000215707362731676,0.000134955140326596,83.5770464890762,3.87016984483235,-0.00996156075513025,0.158489319246111,1e-05,0.281838293126445,6.51222193347332,60.6410129206232,-6.3270188781217e-06,1.99362953352239,0.333966605848399,35.469951268657,9.31064495000185,90.8293519935927
"48",0.158489319246111,0.467735141287198,1.3460306492346e-05,-1,1.2316742264093,11.5836848313208,0.615151869569443,2.34071353577524,0.119598139596507,0.269447415370785,0.05569001316276,9.64035664127008,0.00339863608016943,0.0319635893687648,0.00169742720426759,0.0064588779284751,0.00033001466105109,0.000743503182864549,0.000153668952375374,0.0266012417928387,-0.000287035431963903,7.00772520865398e-05,0.000303477778554893,1.31476124058661e-05,-1.05861451600763e-05,95.3362448745404,3.47604325076812,0.00127836664393112,0.158489319246111,1e-05,0.467735141287198,46.8879462669668,7.52974657411388,7.51785053029752e-07,8.81313399902931,0.297594816977882,35.351500896647,7.30652972695411,98.8136555730183
"49",0.158489319246111,0.776247116628692,0.000641030527254138,-1,1.22967321611407,11.5430240680827,0.599274711749847,2.33415955656968,0.117207108224815,0.275012198199184,0.0512708211120608,9.65010777353592,0.161592904365559,1.51688331491641,0.0787514438108306,0.306734843904845,0.0154023335485736,0.0361396989546533,0.00673756310549448,1.26813280319644,-0.0131445704284456,0.00175025516207617,0.0115208083816001,0.0150447860621769,-0.00017368699182492,94.7945699759405,3.11763743326145,0.986399677355623,0.158489319246111,1e-05,0.776247116628692,51.543987489452,4.15499029422672,3.8583496709578e-05,0.0551665845312321,7.28049086016087,36.081600403733,6.72673172990238,98.9136046787432
"50",0.158489319246111,1.28824955169313,4.41177520393429e-12,4,1.26786389348035,13.3931946740134,0.793552326465851,0.723833698628409,0.119104237538344,0.000689390767735764,9.03758652470239e-07,13.223883435853,1.14667374988014e-09,1.21129916536768e-08,7.17699767769914e-10,6.54645270493076e-10,1.07719529980309e-10,6.23494604458162e-13,8.17371902728399e-16,1.19598642136128e-08,-8.76645211437577e-11,1.40619791163635e-11,8.39370542791065e-11,-9.78270018699906e-12,-2.75457443962296e-12,3.64585364235021e-09,8.43160139185319e-13,135.544805213849,0.158489319246111,1e-05,1.28824955169313,61.5140488822752,0.0244606645071888,3.6354434883064,3.0351072766166e-08,4.19067507522233,0.0904480687269322,0.000118573135204095,135.544805217494
"51",0.158489319246111,2.13796208950223,8.23216402823834e-20,4,1.23232278032555,11.6161390162776,0.608905708699927,2.55151215883466,0.0761909515122579,8.20931525637232e-19,0.0469077109027813,9.50451453861513,2.07966006899181e-17,1.96033221601474e-16,1.02758539270845e-17,4.30591565537215e-17,1.28579364114875e-18,1.38539880987452e-35,7.91611539198804e-19,1.60397581515844e-16,-3.1067820536363e-18,1.59448984535564e-18,3.42508848279935e-18,-5.42451473015478e-18,3.61374998863379e-21,2.13420959106057e-36,2.15128626517496e-20,97.4212740208051,0.158489319246111,1e-05,2.13796208950223,19.2960100525375,7.9201414585189,74.1461727915271,0.0247839203742828,0.037326085792655,1.07706216163605e-16,6.15429167044491,97.4212740208051
"52",0.158489319246111,3.54813389233576,5.49366704514588e-05,-1,1.2233598153585,11.1676100511185,0.547920398922209,2.75697339055059,0.113968194901491,0.352541569751219,0.0573151586495211,8.81894476008732,0.013777499579081,0.125769819187282,0.00617068908979036,0.0310490824130243,0.00128351179887642,0.00397032930776185,0.000645484316433372,0.0993191097129799,-0.00114101429304038,0.000146678498197634,0.00090037885869017,0.000106236817066142,-1.48156401873604e-05,87.8564599199602,2.51974560287506,0.0179808038190394,0.158489319246111,1e-05,3.54813389233576,49.2127553664098,3.85066122997888,4.28498812484607e-06,1.58984074051856,6.1809127599397,46.2534539513599,7.51974881481717,90.394183790895
"53",0.158489319246111,5.88843655355589,9.17125586670703e-17,4,1.21814995935778,10.9074979678891,0.594776225133908,3.07130243982053,0.133316888623047,0.450218533992364,1.26491400760335e-16,8.23324518594905,2.29025281706424e-14,2.05072682194651e-13,1.11824321354813e-14,5.7743786065253e-14,2.50650075867626e-15,8.4645922109143e-15,2.37817425268798e-30,1.54793856338029e-13,-2.46568930712735e-15,2.49050990517092e-16,6.84341859889266e-15,9.56330493344224e-16,-3.1899875086968e-17,84.3907631559777,4.18269674093474e-15,6.88168000606641e-14,0.158489319246111,1e-05,5.88843655355589,29.3100963179992,20.6602103652779,0.00246839485019872,0.337674259863361,11.2301158462338,59.0686716597982,1.65956717797559e-14,84.3907631559778
"54",0.158489319246111,9.77237220955811,1.58488395159245e-06,-1,1.21292915063743,10.6464138726742,0.476256730179496,3.38022268319851,0.120015899518133,0.424520228682193,0.097706180955672,7.59297853319694,0.000394082148779104,0.00345903275020659,0.000154736387942373,0.00109823844009907,3.89933109818554e-05,0.000137927136000777,3.17448564244466e-05,0.00246696791352021,-3.45246828997428e-05,5.28752233987156e-06,2.39854468652376e-05,2.2396731859551e-06,-7.09402688180068e-07,74.7906885709826,3.03665190914576,0.000693206583489988,0.158489319246111,1e-05,9.77237220955811,43.0609253712433,4.23899372847428,1.33602186952464e-07,10.4697596197394,0.886365239892846,55.6970540031037,12.8190509413842,77.8280299652686
"55",0.0794328234724282,1e-05,0.000378953181641458,-1,1.25317822064572,12.4795516100585,0.772500664915025,1.8304520977221,0.102238093584139,0.160038692156537,0.0855090678969412,11.1408959302172,0.0973536541448825,0.969478986558543,0.0600120248818866,0.142199407486184,0.00794240742397666,0.0124326701735838,0.00664280633444198,0.865484981613896,-0.00831023092731216,0.00120561322344289,0.0293781946460398,0.00554459493379079,-0.000108934002878994,103.903002441732,9.79352660138398,0.469945003737272,0.0794328234724282,1e-05,1e-05,34.8842745100191,21.3296163659088,9.21056398268949e-06,0.0582998761958109,3.05312426470246,20.9970764109377,11.2187897080787,114.194183284726
"56",0.0794328234724282,0.281838293126445,4.00461870034774e-05,-1,1.23680810012445,11.8406133346086,0.631600394548505,1.84791830586879,0.116420580921093,0.196478423170952,0.0382032003520483,10.4572332532445,0.0101535369353248,0.0972051402458887,0.0051851034398697,0.015170426819014,0.000955751072697013,0.00161298339367272,0.000313627963613035,0.0858483252716746,-0.000728302725949836,0.000111266268799065,0.000631366841322787,6.50437878161251,-1.05679939619381e-05,0.422104115596616,0.014478657669284,100.245675528488,0.0794328234724282,1e-05,0.281838293126445,59.6886378277997,0.854111867535857,0.000466102550189737,4.84276672807482e-05,6.47901177608943,25.7779691200289,5.01225988618874,107.186640845756
"57",0.0794328234724282,0.467735141287198,-2.50093218203698e-05,-1,1.25606803687709,12.8137076623835,0.69805170273616,2.01065729950625,0.119200815660366,0.218826292231831,0.0439977844546132,11.2993056698893,-0.00643974900132055,-0.0656947384213408,-0.00357884893460208,-0.0103084609721346,-0.000611131969820638,-0.00112190291886275,-0.00022557272391578,-0.0579305342282233,0.000502995890197085,-7.80102047645877e-05,-0.000545206296914206,-3.93224861685253e-05,7.39933222871202e-06,111.855617533259,3.96746347261559,-0.00504574574392766,0.0794328234724282,1e-05,0.467735141287198,44.5385911780532,4.11913932127407,-1.11532780476542e-06,1.20031024233793,4.79930454006655,28.7100095408162,5.77250932044525,115.817883116366
"58",0.0794328234724282,0.776247116628692,6.82679813098779e-06,-1,1.24300120177896,12.1515988870731,0.636096099951571,2.28179160041479,0.112417688970621,0.268109366517654,0.0530133468163136,10.3336115324675,0.00173957224762964,0.0170060850770107,0.000890212431586991,0.00319335277976814,0.000157327838135693,0.000375217347059824,7.41918404774184e-05,0.0144618233787217,-0.000132797471010832,2.00370960843581e-05,0.000127123513892559,1.38609597749268e-05,-1.87053890267616e-06,102.347895710436,3.5700638659505,0.00153227784554151,0.0794328234724282,1e-05,0.776247116628692,47.8588794567659,3.29627864072122,3.63715273558884e-07,0.912687144861328,4.87502712441577,35.1759488871163,6.95535110230034,105.919518207792
"59",0.0794328234724282,1.28824955169313,0.0038806326486003,-1,1.24393078622222,11.9718494384412,0.62913603813141,2.49277573279398,0.115913990310132,0.308973305367252,0.0487388086849533,9.93388615556016,0.989583876430664,9.52396170796315,0.500496399246677,1.98307711333537,0.0922130211215429,0.245797438752592,0.0387731695085263,7.90270140326278,-0.0777861659208544,0.0111972992029971,0.0888190860738355,0.0210089457551496,-0.00109070631273265,97.4065260918384,2.71060251408318,1.66305602977172,0.0794328234724282,1e-05,1.28824955169313,43.6929371812201,6.78608810354898,0.000263398046311883,0.306425792546134,6.3813515444446,40.5372976641835,6.39453169946588,101.822333094492
"60",0.0794328234724282,2.13796208950223,0.390563552472809,-1,1.23186945031221,11.7204577906738,0.594472211780802,2.67893023225144,0.115248072182273,0.346701382335178,0.0411209546298154,9.44649008412607,98.6302782828163,938.404644423304,47.5967316702931,214.489964208661,9.22739777986604,27.7588293240725,3.29237095486526,756.338218759367,-7.87171446177781,1.36021546141891,8.09402524861621,0.462427800463845,18.1653808191007,7.25877047086428,0.151877874313971,69.2055401492922,0.0794328234724282,1e-05,2.13796208950223,41.7787763405033,5.67497538031381,1.21489867100404,7.08786122819687,1.01403478012402,45.4872213623753,5.39506924743178,96.8265233622922
"61",0.0794328234724282,3.54813389233576,1.3737952640716e-06,-1,1.22868519586237,11.4342632474333,0.54735314827774,2.98353689012276,0.106282502568757,0.391276644891921,0.0693128611410667,8.86016908260767,0.000346032190137676,0.00322020902298172,0.000154149988390122,0.000840247614215882,2.99321317299404e-05,0.000110194470347341,1.95204444768443e-05,0.00249527195653481,-2.7103684828792e-05,3.88615249550693e-06,2.2390690851388e-05,2.25939620650673e-06,-3.74615098903454e-07,88.064314259189,2.75203332987502,0.000384449725058358,0.0794328234724282,1e-05,3.54813389233576,44.1614732310171,3.22731568086235,1.06924022622024e-07,2.62884421468265,3.736276315567,51.33549580982,9.09384738170795,90.8167330967287
"62",0.0794328234724282,5.88843655355589,6.39162537918359e-07,-1,1.22269801717414,11.1354565802367,0.571139128133183,3.2816440021191,0.102006714633324,0.436124598083172,0.0853810474225995,8.22353909159996,0.000160208067391778,0.00145906017118428,7.48354006016273e-05,0.000429988301332497,1.33657684749985e-05,5.71446735166903e-05,1.11873352269551e-05,0.00107751651387386,-1.46888605643193e-05,4.08597553523692e-06,3.16053690243629e-05,9.4512059237991e-07,-6.12364310737361e-07,81.4771644243099,2.81391279009607,0.000177139253337971,0.0794328234724282,1e-05,5.88843655355589,29.5271074025533,15.933990440623,5.40245127106376e-08,6.60970440119998,0.214102864071077,57.2195472685122,11.2019934218451,84.2912756888996
"63",0.0794328234724282,9.77237220955811,1.72877697402652e-07,-1,1.21450096188998,10.7252412098234,0.473616934334331,3.30723822603997,0.0925689416069773,0.516132000680958,0.0196743204367262,7.79784370655633,4.30418266058932e-05,0.00038010177591067,1.67849500370175e-05,0.000117208284502363,3.28063662258302e-06,1.82916809258773e-05,6.97256499087947e-07,0.000276355019262519,-3.26690937209808e-06,4.53609238651048e-07,2.13108189688804e-06,4.15868425897485e-07,-4.02915474716222e-08,79.3938684468033,0.533887494718265,0.000142357322204602,0.0794328234724282,1e-05,9.77237220955811,48.7659584003942,1.17799394789488,4.57011587080836e-08,1.19199391544623,3.63757459489159,67.7165184893417,2.58127084129848,79.9278979922024
