"","phi","mu","convergence","f.TS","f.ATPS","f.EAA","f.ENT","f.ADPS","f.RNAP","f.DNAP","f.GFP","f.R","v.TS","v.ATPS","v.EAA","v.ENT","v.ADPS","v.RNAP","v.DNAP","v.GFP","v.R","p.TS","p.ATPS","p.EAA","p.ENT","p.ADPS","p.RNAP","p.DNAP","p.GFP","p.R","c.x_S","c.x_W","c.S","c.AA","c.NT","c.ATP","c.ADP","c.RNA","c.DNA","c.P"
"1",0,1.13053881470117,4,1.24540732131796,12.2703661129953,0.586903170949366,3.62396848651211,0.138698276458168,0.404962111745448,0.117975941779232,2.71821520860803e-17,9.03272772081164,318.203777611028,3135.10028646172,149.954800241856,925.930370419805,35.4376554253932,103.468537193417,30.1430621924103,6.94508802809582e-15,2307.87793976708,6.91747342632669,4.499251022248,19.7045002001265,2.34845015892072,0.113688408422962,13.3712131040259,0.631683302438883,6.94508802809582e-16,54.483563622662,10,1e-05,17.8784265856112,10.1563287403508,6.08339623470627,12.4718068633024,1.7024580561683,58.5737198428616,17.0640402189481,102.069823245172
"2",0.01,1.11923342713687,4,1.24540731863724,12.270365932827,0.586903158169516,3.62396852840335,0.138698276256542,0.4049621146495,0.117975945809281,0.04035229471774,9.03272748824571,315.021739320851,3103.74923964005,148.455249084108,916.671077789116,35.0832788384043,102.433852609385,29.8416326054109,10.2069819868087,2284.79910273216,6.84829868088807,4.4542584359832,19.5074546094408,2.32496566002069,0.112551523637509,13.237500827443,0.625366479416628,1.02069819868087,53.9387262016657,10,1e-05,17.8784275600338,10.1563290056988,6.08339651197685,12.4718072772134,1.70245795878034,58.5737202629037,17.0640408018544,102.069820617177
"3",0.02,1.1079280390434,4,1.2454072883948,12.2703645290842,0.586903048101055,3.62396893637341,0.138698276580368,0.404962152348258,0.117975977908871,0.0815280844934552,9.03272559882743,311.839693994204,3072.39788589865,146.95567356121,907.411876174069,34.7289023674273,101.399176674388,29.5402100120895,20.4139586762345,2261.71985094328,6.7791237824827,4.40926499703098,19.3104049935978,2.30148127655843,0.111414636270465,13.1037881027244,0.619049728981229,2.04139586762345,53.3938758814805,10,1e-05,17.8784332114074,10.1563297507385,6.08339818259985,12.4718092510938,1.70245868278452,58.5737257156521,17.0640454447391,102.06979926675
"4",0.03,1.09662265023485,4,1.24540731852366,12.2703659174382,0.586903157372222,3.62396853355496,0.13869827751262,0.404962114939658,0.117975946181182,0.123552905359485,9.03272747004749,308.657663583054,3041.04722933152,145.456152866333,898.152470945451,34.3745260231709,100.364481866943,29.2387714169289,30.6209466814146,2238.64153937389,6.70994920832725,4.3642731809355,19.1133645578863,2.27799666330236,0.110277756869211,12.9700766071215,0.612732816492181,3.06209466814146,52.8490549524609,10,1e-05,17.8784276919449,10.1563290722782,6.08339629968783,12.4718066172299,1.70245878633243,58.5737203048722,17.0640408556462,102.069820411537
"5",0.04,1.08531726260804,4,1.24540732175326,12.2703660875525,0.586903173973235,3.62396843818918,0.138698272690642,0.404962109589563,0.117975942086536,0.166453221713397,9.03272774691834,305.475626752661,3009.69627013509,143.956609039528,888.893144155635,34.0201482997863,99.3297952221774,28.937339793286,40.827929416954,2215.56282959022,6.64077449462306,4.31928095539936,18.9163200362543,2.25451209990411,0.109140870851238,12.8363647018738,0.606415980913232,4.0827929416954,52.3042214586628,10,1e-05,17.8784280978723,10.1563290697383,6.08339542895988,12.4718061662797,1.7024579030415,58.5737195310344,17.0640402633966,102.069823540177
"6",0.05,1.07401187451191,4,1.24540731803575,12.2703659242814,0.586903156399906,3.62396854264883,0.138698276759494,0.404962115905927,0.11797594680103,0.210256693456476,9.03272746506259,302.293588087422,2978.34522784632,142.457056770617,879.633865971721,33.6657727443723,98.2951113935586,28.6359103162668,51.034909915738,2192.48398181581,6.57159974103091,4.27428835705532,18.7192745988997,2.23102766654427,0.108003987739972,12.7026523090006,0.600099150090093,5.1034909915738,51.7593835532725,10,1e-05,17.8784273829595,10.15632892013,6.08339650192272,12.4718072188581,1.70245812931712,58.5737204446333,17.064040945301,102.069820355207
"7",0.06,1.06270649339152,4,1.24540731455061,12.2703658606282,0.586903152937865,3.62396853344398,0.138698276271075,0.404962114763279,0.117975946682039,0.254992126373561,9.03272740818645,299.11155146039,2946.9942296617,140.957508905899,870.374565668264,33.3113962922988,97.2604263796484,28.3344798402812,61.2418841921618,2169.40520375565,6.5024250317476,4.22929583939962,18.522229557083,2.20754316691154,0.106867103988829,12.5689402320483,0.59378232049348,6.12418841921618,51.2145480416184,10,1e-05,17.8784277328673,10.1563289089491,6.0833965021799,12.4718072008005,1.70245813364362,58.5737202793607,17.0640409280901,102.069819712507
"8",0.07,1.05140110289812,4,1.24540731536627,12.2703657322821,0.586903149323804,3.62396850668904,0.138698274764446,0.404962110815474,0.117975945194211,0.300689657967018,9.03272730041382,295.929513234968,2915.64319043793,139.457959779515,861.115253565007,32.9570193069736,96.2257398471948,28.033048789737,71.4488689917474,2146.32639475827,6.43325028771669,4.18430330223867,18.3251841090041,2.18405860560457,0.10573021767891,12.4352279155622,0.587465476811071,7.14488689917474,50.6697116808852,10,1e-05,17.8784295233433,10.1563295535682,6.08339692227405,12.4718074746618,1.70245777309861,58.5737197083501,17.0640407128907,102.069818494676
"9",0.08,1.04009570754753,4,1.24540730965868,12.2703654763853,0.586903130227713,3.6239685771833,0.138698276703358,0.404962114402409,0.11797595267779,0.347380616828476,9.03272695977584,292.747472104894,2884.29210841826,137.958406388108,851.855960479899,32.602642987009,95.1910546615058,27.731619726124,81.6558539893636,2123.24752165844,6.36407548054117,4.13931052622275,18.1281382613657,2.16057411050801,0.104593334187612,12.3015154855865,0.581148661183564,8.16558539893636,50.1248733869353,10,1e-05,17.8784303836235,10.1563298569028,6.08339700916699,12.4718078693387,1.70245824262183,58.5737202271645,17.0640417953156,102.069814645467
"10",0.09,1.0287903221546,4,1.24540731233299,12.2703655754883,0.586903128672616,3.62396865398574,0.138698277285795,0.404962125812683,0.117975955654409,0.395097724000536,9.03272698551961,289.565435755537,2852.94113785965,136.458858493465,842.596676656747,32.2482666538778,94.1563721878044,27.4301898418684,91.8628335350955,2100.168755813,6.29490077729428,4.09431807232584,17.931093514767,2.13708969009677,0.103456450997935,12.1678036353704,0.574831839190658,9.18628335350955,49.5800376028191,10,1e-05,17.8784289561611,10.1563291563654,6.08339692399531,12.4718076866157,1.70245842313982,58.5737218775465,17.0640422258538,102.069814936372
"11",0.1,1.01748493314161,4,1.24540731300518,12.2703655683969,0.586903142285535,3.62396848946259,0.138698281068793,0.404962103930433,0.117975942775169,0.44387523376337,9.03272714236294,286.383397913216,2821.59013233627,134.959313614514,833.337333983045,31.8938909402711,93.121681668815,27.1287561998021,102.069817936061,2077.0900125926,6.22572604159165,4.04932550412486,17.7340486368648,2.11360504741715,0.102319569749678,12.0340913766332,0.56851496826614,10.2069817936061,49.0352037704477,10,1e-05,17.8784307457009,10.1563301060895,6.08339686051031,12.4718084911609,1.70245838235564,58.5737187124979,17.0640403630004,102.069816708701
"12",0.11,1.00617954662708,4,1.24540729243739,12.2703646660488,0.586903072722773,3.62396875364466,0.138698276535907,0.404962128510915,0.117975967364058,0.493748776428089,9.03272592845264,283.201355940781,2790.23893019926,133.45975008353,824.078091682433,31.5395133946455,92.0870020557724,26.8273312102885,112.276781923184,2054.01096196636,6.15655121610393,4.00433258840882,17.5370010678903,2.09012063179075,0.101182680070407,11.9003787340834,0.562198193952303,11.2276781923184,48.4903596868966,10,1e-05,17.8784340708224,10.1563308455289,6.08339811664302,12.4718092052547,1.70245838319067,58.5737222678187,17.0640439195373,102.069802991515
"13",0.12,0.994868504372366,4,1.24540731621417,12.2703658139436,0.586903150607312,3.62396854662185,0.138698277669111,0.404962115379293,0.117975947488504,0.54478176914094,9.03272734809868,280.017732167706,2758.87250970489,131.959469882285,814.814109938661,31.1849598623942,91.0517962164,26.5257453011349,122.488886595655,2030.92096406862,6.08734200364579,3.95931805134224,17.3398607835899,2.06662440077634,0.100045231482229,11.7666005153632,0.555878162078435,12.2488886595655,47.9452612256714,10,1e-05,17.8784282940675,10.1563291970345,6.08339643060126,12.4718067670656,1.70245884989707,58.573720368461,17.0640410447372,102.069819033515
"14",0.13,0.98356311661987,4,1.24540731588546,12.2703657937118,0.586903149612092,3.6239685407638,0.138698276514256,0.404962113773254,0.117975947742228,0.59696205359819,9.03272732927804,276.835694442608,2727.52150420115,130.459921762946,805.554805101836,30.8305830607054,90.0171105142889,26.2243147315415,132.695867894628,2007.84218224505,6.01816727049147,3.91432574361717,17.1428157447585,2.043139885961,0.09890834601308,11.6328882648614,0.549561326522846,13.2695867894628,47.4004254491535,10,1e-05,17.8784284504517,10.1563292273227,6.08339674567685,12.4718075553406,1.70245798530338,58.5737201361634,17.0640410814359,102.069818820842
"15",0.14,0.972257728501021,4,1.24540731576062,12.2703657863375,0.586903148520198,3.62396854888754,0.138698276327439,0.404962115333651,0.117975947780883,0.650355841710719,9.03272731331529,273.653656660875,2696.17050061006,128.960373578858,796.295503067122,30.4762064661416,88.9824254826176,25.9228841036264,142.902849503662,1984.76340039775,5.94899253610597,3.86933323768148,16.9457707260004,2.01965538957803,0.097771461755212,11.499176173753,0.543244493182038,14.2902849503662,46.8555896720406,10,1e-05,17.8784284262845,10.1563291970094,6.0833967753452,12.4718075506941,1.70245796897393,58.5737203618592,17.064041087027,102.069818640463
"16",0.15,0.960952340302156,4,1.24540731575357,12.270365786803,0.586903148477295,3.62396855071602,0.138698276436818,0.404962115404226,0.117975947924236,0.705005962909267,9.0327273117635,270.471618882836,2664.81949853735,127.460825617551,787.036199558186,30.1218299343508,87.9477401120969,25.6214534961181,153.109831376527,1961.68462159838,5.87981780180079,3.82434073319847,16.7487257422018,1.99617088973993,0.096634577744732,11.3654640403467,0.536927660339344,15.3109831376527,46.3107540399031,10,1e-05,17.8784283644791,10.1563292083557,6.08339678079295,12.4718075867401,1.70245796083339,58.5737203720672,17.0640411077615,102.069818622928
"17",0.16,0.949646952816886,4,1.2454073155996,12.2703657743976,0.58690314714585,3.62396855415244,0.138698276605405,0.404962115842742,0.117975948298861,0.760957280630122,9.03272729579497,267.289581274154,2633.46849567879,125.961277474567,777.776896969449,29.7674534370766,86.9130548854926,25.3200229565392,163.316812386974,1938.60584116954,5.81064307117726,3.77934818409245,16.5516806938155,1.97268638869575,0.0954976939907382,11.2317519341783,0.530610829328342,16.3316812386974,45.7659184085075,10,1e-05,17.878428569828,10.1563291239822,6.08339670648211,12.4718074859785,1.70245809903765,58.5737204354943,17.0640411619472,102.069818442483
"18",0.17,0.938341563988436,4,1.2454073155709,12.2703657773156,0.586903147925809,3.62396855249589,0.13869827675106,0.404962115493594,0.117975948034565,0.818256839149561,9.03272730046937,264.107543314769,2602.1174924084,124.461729607983,768.517592183022,29.4130768919746,85.8783693666813,25.0185922437405,173.523794895354,1915.52706245798,5.74146833292976,3.73435567666933,16.3546357366805,1.9492018875332,0.0943608098837628,11.0980397906702,0.524293994707257,17.3523794895354,45.2210827766945,10,1e-05,17.8784284133337,10.156329236868,6.08339674107015,12.4718074986276,1.70245811164158,58.5737203849934,17.0640411237195,102.069818495304
"19",0.18,0.927036175903543,4,1.24540731613199,12.2703658045898,0.586903148909874,3.62396855713951,0.138698276686596,0.40496211619097,0.11797594819986,0.876953954635276,9.03272732375432,260.925505688381,2570.76649628795,122.962181878801,759.258289333995,29.0587003254135,84.8436841369631,24.7171616421211,183.730777163978,1892.44828913954,5.67229360192133,3.68936321399208,16.157590814595,1.92571739262482,0.0932239257372056,10.9643276720791,0.517977161828267,18.3730777163978,44.6762472592482,10,1e-05,17.8784281381634,10.1563291435228,6.08339676007223,12.4718075851969,1.7024579902164,58.5737204858618,17.0640411476277,102.069818758424
"20",0.19,0.915730787632472,4,1.24540731584717,12.2703657923759,0.586903147236861,3.62396857076082,0.138698277271242,0.404962117429385,0.117975949248457,0.937100386565226,9.03272729754848,257.743467831657,2539.41549133956,121.46263357,749.998988166736,28.7043238876826,83.8089989986128,24.415731217497,193.937758568096,1869.36950507967,5.60311886590559,3.6443706543759,15.9605457874862,1.90223290021514,0.0920870421509704,10.8306155509496,0.511660331980686,19.3937758568096,44.1314114724242,10,1e-05,17.8784280536594,10.1563291207732,6.08339669597665,12.4718074919554,1.70245821097541,58.5737206649862,17.0640412992968,102.069818462298
"21",0.2,0.406981167674287,-1,1.33000940298129,16.3495238966822,0.919227816497096,1.77361988719006,0.119334700047148,0.174359102786261,0.0362734921164031,3.45525479533073,15.2271340478631,122.331264244542,1503.79232176423,84.5485006863683,163.133555749962,10.9761364786503,16.0371569017302,3.33635396803766,317.80654065479,1400.55743569988,2.65937530966396,-5.89419395260498,10.924269477784,0.595367407438062,0.0468116055668708,5.18751105415619,0.175006147210673,31.780654065479,126.591813626159,10,1e-05,19.9106952340919,1.26554883932055,1.5866292972835,1.43562478439932,-0.0487343619010367,25.2193006270048,5.24659789971654,172.066614740853
"22",0.21,0.893125664064615,4,1.24540732675516,12.2703663326732,0.586903186442825,3.62396844220523,0.138698277372188,0.404962107678004,0.11797593760832,1.06192944371184,9.03272799622233,251.380985537045,2476.72927189577,118.464295378145,731.484984057589,27.9957479846797,81.7401436030487,23.8130183021372,214.346635350709,1823.22362892669,5.46480403341401,3.55440839808638,15.5665557189777,1.85527562289769,0.0898138437155616,10.5632584476867,0.499029800808228,21.4346635350709,43.0420169566551,10,1e-05,17.8784255888373,10.1563285073037,6.08339598746911,12.4718066221381,1.7024580897088,58.5737192545465,17.0640396156674,102.069826357312
"23",0.22,0.881820275868852,4,1.24540732184269,12.2703660921388,0.58690318159857,3.62396835030605,0.138698276337258,0.404962094647339,0.117975932570083,1.12676028150753,9.03272783888224,248.198946754308,2445.37822039825,116.964746364256,722.225662111953,27.6413712203097,80.7054556401459,23.5115866854929,224.553614074609,1800.1448173693,5.39562927726757,3.50941572532347,15.3695101787929,1.83179102591448,0.0886769583228202,10.4295460799253,0.492712951573178,22.4553614074609,42.4971809747888,10,1e-05,17.8784284556112,10.1563295460337,6.08339635878407,12.4718067123571,1.70245809109724,58.5737173697911,17.0640388869369,102.069824579369
"24",0.23,0.870509235127604,4,1.24540731416436,12.2703657061226,0.586903141865153,3.62396856854275,0.138698277117424,0.404962116014317,0.117975949302525,1.19330866178132,9.03272720842734,245.015316475472,2414.01146641944,115.464440756899,712.961772120669,27.2868176347032,79.670257182005,23.2100086663195,234.765683559079,1777.05437445131,5.32641992337983,3.46440060804472,15.1723655692248,1.80829487583362,0.0875395053254883,10.29576695182,0.486392997018927,23.4765683559079,41.9520686686737,10,1e-05,17.8784288833864,10.1563291152499,6.08339694308146,12.4718078026864,1.70245804241119,58.5737204603108,17.0640413071172,102.069817455229
"25",0.24,0.859209499544642,4,1.24540731835219,12.2703659163613,0.586903164550525,3.62396844393117,0.138698277463422,0.404962103503342,0.117975940186733,1.26154018034054,9.03272755737358,241.83487051312,2382.67618055917,113.965646990585,703.707073555103,26.9326183301535,78.6360867005574,22.9087269669103,244.967571383323,1753.98720324526,5.25727979376348,3.4194306372458,14.9754197162434,1.78482206379628,0.0864031907893851,10.162121777972,0.480079304589199,24.4967571383323,41.4075077755897,10,1e-05,17.8784286205655,10.156329510433,6.08339640171411,12.4718072719515,1.70245816332431,58.5737186507234,17.0640399886091,102.069821398321
"26",0.25,0.847904111362437,4,1.24540731837555,12.2703659181015,0.58690316664439,3.62396842017201,0.138698277215496,0.404962100919666,0.117975938048731,1.3316257499728,9.03272758381033,238.652832739159,2351.32517843283,112.466099401087,694.447765377995,26.5782417247188,77.6014008513605,22.6072959384191,255.174554292753,1730.9084292593,5.18810505954692,3.37443812260366,14.7783747390846,1.76133754804988,0.0852663063769453,10.0284096364917,0.473762465465236,25.5174554292753,40.8626723901624,10,1e-05,17.878428865069,10.1563296251641,6.08339650462642,12.4718071959385,1.70245815881334,58.5737182770204,17.0640396793684,102.069821697057
"27",0.26,0.836593071013459,4,1.2454073137899,12.2703656831104,0.586903141060536,3.62396857455962,0.138698277418008,0.404962116905037,0.11797594998058,1.40364193092084,9.03272717965223,235.469203223183,2319.95845749988,110.965796863805,685.183861784646,26.2236880339662,76.5662012318074,22.3057168797962,265.386627671866,1707.81803541255,5.1188957222431,3.32942300910474,14.5812305876015,1.73784137690216,0.0841288535817077,9.89463060428785,0.467442500749185,26.5386627671866,40.3175617084134,10,1e-05,17.8784289062958,10.1563293235968,6.08339677897119,12.4718075135168,1.70245838207362,58.5737205891446,17.064041405191,102.06981713007
"28",0.27,0.825287683572617,4,1.24540731434384,12.2703657043145,0.586903142061599,3.62396856734588,0.13869827713734,0.404962116468237,0.1179759495219,1.47759475280858,9.0327272089191,232.287165768385,2288.60746164678,109.466249218133,675.924557088378,25.8693114470466,75.5315158298502,22.0042861701952,275.593609681805,1684.73926429784,5.04972099496489,3.2844305329321,14.3841856199775,1.71435687101688,0.0829919694741868,9.76091849747177,0.461125667215116,27.5593609681805,39.772726339553,10,1e-05,17.8784290329868,10.1563291529783,6.08339673502223,12.4718075574297,1.70245825419181,58.5737205259658,17.0640413388476,102.069817460786
"29",0.28,0.813982294496163,4,1.24540731329361,12.2703656587289,0.586903139743509,3.62396857805023,0.138698276855968,0.404962116923473,0.117975950170683,1.55360182944215,9.03272714852669,229.10512755529,2257.25644886299,107.966700739806,666.665254385591,25.5149348101619,74.4968304445307,21.7028556230572,285.800590300983,1661.66047320091,4.98054625120195,3.23943808028479,14.1871405807816,1.6908723717073,0.0818550847076753,9.62720629832274,0.45480883262208,28.5800590300983,39.2278902486252,10,1e-05,17.8784288719181,10.1563294480111,6.0833970087488,12.4718079684928,1.7024579268812,58.5737205918112,17.0640414326876,102.069816778352
"30",0.29,0.80267690591018,4,1.24540731303258,12.2703656497069,0.586903139537304,3.62396858137911,0.138698277747922,0.404962117034535,0.117975950336098,1.63174997056943,9.03272713738849,225.923089628776,2225.90544430509,106.467152721487,657.405950691862,25.1605584029367,73.4621450393384,21.4014249979958,296.007571976629,1638.5816923488,4.91137151366904,3.19444547331591,13.9900955872111,1.66738787437854,0.0807182012987285,9.49349418544059,0.448492000592813,29.6007571976629,38.6830546189204,10,1e-05,17.8784288220021,10.1563295524427,6.08339688762545,12.4718076142644,1.70245841537545,58.5737206078751,17.0640414566131,102.06981665249
"31",0.3,0.791371518741213,4,1.24540731445178,12.2703657126644,0.58690314291128,3.62396856185913,0.138698277261603,0.404962114415198,0.117975950308429,1.7121309402796,9.03272722334686,222.741052402941,2194.55445659633,104.96760553249,648.146644055165,24.8061817890669,72.4274592749342,21.0999943753374,306.214555723392,1615.50293181201,4.84219679136828,3.14945300672862,13.7930506715696,1.64390336364296,0.0795813172351597,9.35978203326731,0.442175168950728,30.6214555723392,38.1382196987176,10,1e-05,17.8784290164636,10.1563291493659,6.08339675756926,12.471807532138,1.70245828387772,58.5737202290142,17.0640414526112,102.069817623819
"32",0.31,0.780066130038573,4,1.24540731267458,12.2703656281236,0.586903137438165,3.62396858454602,0.138698277083492,0.40496211745578,0.117975950889988,1.79484178220143,9.03272710979586,219.559014174675,2163.20343830964,103.468056563128,638.887343702968,24.4518051839434,71.3927743813662,20.7985638193324,316.421533974589,1592.42413253265,4.77302204727553,3.10446053122618,13.5960055392129,1.62041886650643,0.078444432705617,9.2260699168284,0.435858335077088,31.6421533974589,37.5933832744022,10,1e-05,17.878429078169,10.1563294521933,6.08339695339334,12.4718080086738,1.70245798668278,58.5737206688041,17.0640415367278,102.069816340693
"33",0.32,0.768760741257764,4,1.24540731446046,12.2703657249859,0.586903144885618,3.62396854422375,0.138698276660034,0.404962114888103,0.117975946572823,1.87998536678281,9.03272725488971,216.376976552537,2131.85245175514,101.968509856184,629.628032223613,24.0974285346534,70.358088490728,20.4971324071677,326.628521371504,1569.3453786109,4.7038473163595,3.05946799299929,13.398960707331,1.59693435011742,0.0773075484499146,9.09235786890877,0.429541492585794,32.6628521371504,37.0485485663517,10,1e-05,17.8784291157197,10.1563291678452,6.08339687363053,12.4718073863137,1.70245825765739,58.5737202974153,17.0640409122932,102.069817980254
"34",0.33,0.757455353508289,4,1.24540731240025,12.2703656157521,0.586903136828552,3.62396858860846,0.138698277563795,0.404962117530155,0.117975951064231,1.96767049748236,9.03272709299979,213.194938553163,2100.50143228514,100.46896059384,620.368736295543,23.743052147055,69.3234035994269,20.1957025524565,336.835496810383,1546.26657350209,4.63467257724267,3.01447548386506,13.2019155559664,1.57344986591259,0.076170664784019,8.95864565474735,0.423224668778139,33.6835496810383,36.5037119985631,10,1e-05,17.8784290195241,10.1563295421756,6.08339696309821,12.4718079554098,1.70245814666085,58.5737206795617,17.0640415619304,102.069816150898
"35",0.34,0.746149966360879,4,1.2454073122614,12.2703655996596,0.586903134495836,3.6239685921946,0.138698277367157,0.404962118114137,0.117975951725205,2.05801279889784,9.0327270735666,210.012901057772,2069.1504307493,98.9694124178227,611.109433753908,23.3886755881504,68.2887184026743,19.8942720449208,347.042476830941,1523.18779447205,4.56549784908199,2.96948293330597,13.0048704790408,1.5499653627869,0.075033780819571,8.82493354693361,0.416907838178666,34.7042476830941,35.958876458061,10,1e-05,17.8784294940013,10.1563292784958,6.08339688016765,12.4718077415687,1.70245831351667,58.5737207640288,17.0640416575336,102.069815931303
"36",0.35,0.734844578229656,4,1.24540731280701,12.2703656265549,0.586903136695705,3.62396858334265,0.138698277402983,0.404962117377299,0.117975950926709,2.15113490567487,9.03272711081523,206.830863399857,2037.79943370669,97.4698648759807,601.850128322533,23.0342990380187,67.2540328935427,19.5928412653955,357.249459879516,1500.10902294639,4.4963231173882,2.92449043759493,12.8078255550192,1.52648085926157,0.0738968968207704,8.69122143413094,0.410591003550739,35.7249459879516,35.4140410604942,10,1e-05,17.878429389889,10.1563292705747,6.08339683895362,12.4718077057736,1.70245830546104,58.5737206574525,17.0640415420392,102.069816352212
"37",0.36,0.723539189208668,4,1.24540731446356,12.2703657145383,0.586903145667855,3.62396855114683,0.138698277334937,0.404962115067163,0.117975946002472,2.24716713081564,9.03272723579316,203.648825670381,2006.44844404834,95.9703183122813,592.590818390475,22.6799224428284,66.2193470494784,19.2914097915865,367.456447349359,1477.03026375952,4.42714838413871,2.87949798697461,12.6107808411281,1.50299635434885,0.072760012245997,8.5575093438952,0.404274157484181,36.7456447349359,34.8692059493111,10,1e-05,17.8784285759065,10.15632960358,6.08339710681166,12.4718076272286,1.70245820795023,58.5737203233144,17.0640408297976,102.069817764463
"38",0.37,0.712233801064583,4,1.24540731408794,12.2703656951963,0.586903144412048,3.62396855623087,0.138698277457727,0.404962115517291,0.117975946294842,2.34624797764775,9.0327272106857,200.466787852147,1975.09743909651,94.4707701727048,583.331515341882,22.3255459061909,65.1846617417799,18.9899792060113,377.663428071393,1453.95148156563,4.35797364895971,2.83450545608361,12.4137358187594,1.47951185460931,0.0716231282060907,8.42379721341567,0.397957324855853,37.7663428071393,34.3243702287195,10,1e-05,17.8784286281232,10.1563296602247,6.08339712956512,12.471807574148,1.70245830827224,58.573720388421,17.064040872086,102.069817480748
"39",0.38,0.700928412647927,4,1.24540731364121,12.2703656780247,0.58690313939701,3.62396856450259,0.138698277429281,0.404962115273821,0.117975948159747,2.4485250084549,9.03272718531162,197.284749947848,1943.74643383148,92.9712214078927,574.072212549029,21.9711693364248,64.1499762969623,18.6885488607795,387.87040893614,1430.87269890139,4.28879891190974,2.78951288838791,12.2166906273038,1.45602734623128,0.0704862440980339,8.29008502664864,0.39164049544219,38.787040893614,33.7795347603857,10,1e-05,17.878429459074,10.1563288708987,6.08339712473713,12.4718073668257,1.70245850765548,58.5737203532054,17.0640411418259,102.069817194021
"40",0.39,0.689623024654422,4,1.24540731368803,12.2703656747758,0.586903143295594,3.62396856219451,0.138698277372022,0.404962116114039,0.117975946495617,2.55415541445805,9.032727182291,194.102712241854,1912.39543199756,91.4716741140651,564.812908411564,21.6167927755772,63.1152910610143,18.3871179672833,398.077390412462,1407.79392071452,4.21962417917075,2.74452046640051,12.0196458229611,1.43254285313266,0.0693493598794445,8.15637294779732,0.385323658361993,39.8077390412462,33.2346988309383,10,1e-05,17.8784285563196,10.1563297929382,6.08339722477319,12.4718077897234,1.70245814400521,58.5737204747346,17.064040901126,102.069817159888
"41",0.4,0.67831763685596,4,1.24540731208919,12.2703655952134,0.586903135639159,3.62396858987152,0.138698277644974,0.404962116875488,0.11797595139648,2.66330682876156,9.03272706963025,190.92067433824,1881.04441902227,89.9721250548042,555.553609042343,21.2624162717575,62.080605826548,18.0856880939032,408.284366713582,1384.71512613344,4.15044944213566,2.69952794027706,11.8226006238807,1.40905835361288,0.0682124761777996,8.02266073195532,0.379006836178765,40.8284366713582,32.6898628112455,10,1e-05,17.8784291268143,10.1563295902636,6.08339707185401,12.4718080970983,1.70245807408291,58.5737205848707,17.0640416099869,102.069815886822
"42",0.41,0.667012248603649,4,1.24540731168562,12.2703655762519,0.586903134294855,3.62396859586422,0.138698277535514,0.404962117530876,0.117975951646609,2.77615835156406,9.03272704297625,187.738636495237,1849.69341433024,88.4725769259903,546.294305891187,20.90803969467,61.0459205306657,17.784257482305,418.49134714978,1361.63634416664,4.08127470641819,2.65453544942103,11.6255556105392,1.38557385310541,0.067075591939292,7.88894859893011,0.372690002812691,41.849134714978,32.1450270574877,10,1e-05,17.8784291203966,10.1563296478793,6.08339714927179,12.4718082597031,1.7024579475793,58.5737206796659,17.0640416461655,102.069815585632
"43",0.42,0.65570686070752,4,1.24540731098138,12.2703655388392,0.586903130976593,3.62396860610716,0.138698277524129,0.404962118642495,0.117975952598153,2.89290132851724,9.03272699372821,184.55659870999,1818.34240798856,86.9730285587694,537.035003630968,20.5536631438405,60.0112353316414,17.4828269828678,428.698326151657,1338.55755971495,4.0120999719563,2.60954291146429,11.4285105314477,1.36208935216665,0.0659387079159826,7.75523647597408,0.366373171681447,42.8698326151657,31.6001912913567,10,1e-05,17.8784294426795,10.1563295657556,6.08339712540161,12.4718082134846,1.70245804554134,58.5737208404505,17.0640417837969,102.069815029129
"44",0.43,0.644401472792853,4,1.24540731073784,12.2703655244191,0.586903129385871,3.6239686106069,0.13869827768886,0.404962119105026,0.117975953161721,3.01374059570976,9.03272697494252,181.374560990218,1786.99140513516,85.4734804576356,527.775700466816,20.1992866181366,58.9765500307101,17.1813964215711,438.905306538962,1315.47877991345,3.94292523891779,2.56455036429029,11.2314654982998,1.33860485109365,0.0648018240366671,7.6215243579734,0.360056340110116,43.8905306538962,31.0553556882326,10,1e-05,17.8784296695205,10.1563294609862,6.0833970494933,12.4718080342795,1.70245825258699,58.5737209073509,17.0640418653113,102.06981481685
"45",0.44,0.633096084307095,4,1.24540731057604,12.2703655193239,0.586903129821012,3.62396861050482,0.138698277608849,0.404962118773557,0.117975952923478,3.13889559960947,9.03272696831501,178.192523122646,1755.64040210597,83.9739325787411,518.516396153507,19.844910038672,57.941864561543,16.8799657274449,449.112287974504,1292.4000007817,3.87375050266621,2.51955790162786,11.0344205409893,1.31512034956727,0.0636649397159888,7.48781220705421,0.35373950522714,44.9112287974504,30.5105199976612,10,1e-05,17.8784294429398,10.1563296491973,6.08339719194705,12.4718083358847,1.70245799065479,58.5737208594073,17.0640418308518,102.06981474196
"46",0.45,0.621796348348655,4,1.24540732533498,12.2703662653862,0.586903182372664,3.62396844896576,0.138698278008038,0.404962107243192,0.117975938274591,3.26853605227317,9.03272791837774,175.01207832459,1724.30517969819,82.4751417731771,509.261698670068,19.4907107100076,56.9076948477668,16.5786837203452,459.314214675361,1269.33289517197,3.80461039836066,2.47458809051774,10.8374753902141,1.29164758273042,0.0625286255405132,7.3541672356831,0.347425811228123,45.9314214675361,29.9659608758577,10,1e-05,17.8784259344372,10.15632864302,6.08339608175438,12.4718067899615,1.70245817562775,58.5737191916553,17.0640397120368,102.069825477668
"47",0.46,0.610485307522682,4,1.24540731212423,12.2703656121362,0.586903134599419,3.62396855471413,0.138698279111987,0.404962117129935,0.117975948712457,3.40311190888363,9.03272712413183,171.828447700893,1692.9384108558,80.9748373783012,499.997780012444,19.1361571162999,55.8724935101096,16.277103832581,469.526259371737,1246.24246632857,3.73540103697594,2.42957279871087,10.6403305155525,1.26815131212683,0.0613911738425883,7.2203882158424,0.34110584020966,46.9526259371737,29.4208496722552,10,1e-05,17.8784308535717,10.156328616241,6.08339577973536,12.4718078945863,1.70245848295305,58.5737206216738,17.0640412217697,102.06981650269
"48",0.47,0.599179919269847,4,1.24540731009074,12.2703655005853,0.586903129850839,3.62396861497914,0.138698277435434,0.404962118539325,0.117975952822246,3.54269785271972,9.03272694075895,168.646409643124,1661.58739387181,79.4752888116937,490.738484208084,18.7817803249184,54.837808305585,15.9756737466466,479.733231426155,1223.16366340802,3.66622629658965,2.38458047591317,10.4432856265567,1.24466684593086,0.0602542870085301,7.08667577881015,0.334789002939832,47.9733231426155,28.8760129742118,10,1e-05,17.8784289771922,10.1563300295982,6.08339749908142,12.4718090689321,1.70245737074471,58.5737208255279,17.0640418162097,102.069814430576
"49",0.48,0.587874531654571,4,1.245407312196,12.2703656024748,0.586903140445437,3.62396855525786,0.138698277844298,0.404962114857574,0.117975946784442,3.68765267219644,9.03272711387462,165.464372325067,1630.23640758346,77.9757423924066,481.479172676602,18.4274038391568,53.8031224758015,15.6742423085043,489.94022179132,1200.08491008897,3.59705157228406,2.33958784823641,10.2462408192793,1.22118233054979,0.0591174036912726,6.95296379734589,0.328472162672114,48.994022179132,28.3311782735925,10,1e-05,17.8784291649803,10.1563300765289,6.08339703886536,12.4718078158514,1.70245831420015,58.5737202929995,17.0640409429017,102.069816386783
"50",0.49,0.576569143162912,4,1.24540731056586,12.2703655225945,0.586903131324676,3.62396860199642,0.138698278750862,0.404962117655838,0.117975952032008,3.83829193451021,9.03272698094259,162.282334262843,1598.88539465872,76.4761932337346,472.219874604736,18.0730273886875,52.7684374289998,15.3728123483847,500.147196367065,1177.00611421681,3.52787683180094,2.29459532306521,10.0491956503241,1.19769783920344,0.0579805199755047,6.81925159583257,0.322155338202365,50.0147196367065,27.7863421495406,10,1e-05,17.8784293787648,10.1563298177953,6.08339702257823,12.4718082236531,1.70245829866478,58.5737206977404,17.0640417019096,102.069814884651
"51",0.5,0.56526375509896,4,1.24540730939127,12.2703654641225,0.58690312525454,3.62396862483952,0.138698278397754,0.404962119675968,0.11797595420972,3.99495684036568,9.03272689538152,159.100296387529,1567.53438606315,74.9766445681174,462.960573591697,17.7186507860699,51.7337523076371,15.071381980681,510.354172939804,1153.92732594868,3.45870209538107,2.24960282571993,9.85215053160345,1.17421333953634,0.0568436356316302,6.6855394410681,0.315838507854926,51.0354172939804,27.2415062470353,10,1e-05,17.8784297624247,10.1563296061526,6.08339713455092,12.4718084938302,1.70245810299822,58.5737209899321,17.0640420168939,102.069813917811
"52",0.51,0.553958367061698,4,1.24540731066556,12.2703655236544,0.586903131447084,3.62396859756205,0.138698279078846,0.404962117347704,0.117975951668433,4.15801637748653,9.03272698769337,155.918258832317,1536.18339261383,73.4770974722802,453.701266208967,17.3642743155695,50.6990666339988,14.7699510117677,520.561159567541,1130.84856044099,3.38952736591994,2.20461027236583,9.65510567128949,1.15072883431358,0.0557067520747798,6.55182736230358,0.30952167187051,52.0561159567541,26.6966710740433,10,1e-05,17.8784295720961,10.1563297539188,6.08339690984824,12.4718079863308,1.70245855787751,58.5737206531719,17.0640416493222,102.069814960935
"53",0.52,0.542652978898226,4,1.24540731129267,12.2703655500656,0.586903134633676,3.6239685732807,0.138698279013227,0.404962115435866,0.117975949491467,4.32787011704645,9.03272703972546,152.736221155699,1504.8323944484,71.9775499594096,444.441959229697,17.0098977460561,49.6643810117772,14.4685200971555,530.768144153771,1107.76978926404,3.32035263381955,2.15961778439013,9.45806072400195,1.12724432305096,0.0545698680644151,6.41811526417737,0.303204835795447,53.0768144153771,26.1518357002207,10,1e-05,17.878429745323,10.1563297685336,6.08339680610657,12.4718080502804,1.7024584356171,58.5737203766437,17.0640413344458,102.069815548898
"54",0.53,0.531347590728093,4,1.24540730941517,12.2703654628551,0.586903127181279,3.62396861975996,0.13869827769249,0.404962118715532,0.117975953328559,4.50495165479972,9.03272689518863,149.554183173237,1473.48138248532,70.4780011517936,435.182660866308,16.6555210259491,48.6296960221351,14.1670899156855,540.975117036107,1084.69099420271,3.25117789507037,2.11462542948038,9.26101566394746,1.10375983386735,0.0534329827603173,6.28440302495844,0.296888004556789,54.0975117036107,25.6069993773797,10,1e-05,17.8784292494707,10.1563300442111,6.08339749202532,12.4718093561522,1.70245723777625,58.5737208510146,17.0640418894428,102.069813915632
"55",0.54,0.520042202508759,4,1.24540731115609,12.2703655406829,0.586903135579902,3.62396856868373,0.138698279199217,0.404962114696171,0.117975948501847,4.68973261915403,9.03272703367434,146.372145611791,1442.13039022833,68.9784542386968,425.923350759461,16.3011446433594,47.5950101533795,13.865658695043,551.182106979899,1061.61223304304,3.18200316547373,2.06963279056425,9.06397078506422,1.08027531968472,0.0522960997881582,6.15069099950023,0.290571167006598,55.1182106979899,25.0621644554482,10,1e-05,17.8784295486089,10.1563300644338,6.08339695750439,12.4718082550413,1.70245831031967,58.5737202696541,17.0640411913071,102.06981548052
"56",0.55,0.508736814447475,4,1.24540730853842,12.2703654199058,0.586903123429156,3.62396863484263,0.138698277904286,0.404962119991128,0.11797595470636,4.88272597963987,9.03272683607926,143.190107584809,1410.77937517743,67.4789049409927,416.664054522114,15.9467679359052,46.5603253905373,13.5642287715892,561.389076118633,1038.53343285763,3.11282842575672,2.02464036159308,8.86692562233253,1.05679083385903,0.0511592147055961,6.01697876651517,0.284254340084841,56.1389076118633,24.5173280709854,10,1e-05,17.8784294977752,10.1563299977546,6.08339749214198,12.4718091286086,1.7024575434885,58.5737210355167,17.0640420887279,102.069813247696
"57",0.56,0.497431426087662,4,1.24540730799246,12.2703653961713,0.586903117548468,3.6239686445697,0.138698276839907,0.404962121101173,0.117975956397081,5.08449196188486,9.03272680712024,140.008069720079,1379.42837082532,65.9793563706589,407.404751358152,15.592391251629,45.52564010285,13.2627983010323,571.59605578215,1015.45465203049,3.04365368956693,1.9796477233458,8.66988045735404,1.0333063294353,0.0500223302074137,5.8832666194307,0.277937508960234,57.159605578215,23.9724926839432,10,1e-05,17.8784306768151,10.1563290614034,6.08339751739846,12.4718079135443,1.70245839663546,58.5737211960736,17.0640423332739,102.069812920459
"58",0.57,0.486126038696685,4,1.24540730937912,12.270365461726,0.586903126921788,3.62396860430046,0.138698278808848,0.404962115363158,0.117975955874836,5.29564257776757,9.03272691269039,136.826032343156,1348.07737909091,64.4798096347562,398.145443445161,15.238014936415,44.4909541458012,12.9613676045409,581.803043202506,992.375888109097,2.97447896398164,1.9346552939526,8.47283567521753,1.00982181961583,0.0488854476270786,5.74955451592968,0.27162067924638,58.1803043202506,23.4276573975801,10,1e-05,17.8784300831784,10.1563297482424,6.08339675807531,12.4718087421098,1.70245796380979,58.5737203661272,17.0640422577363,102.069814113401
"59",0.58,0.474820650837571,4,1.24540724712257,12.2703623256789,0.586902874334287,3.62396964620495,0.138698277799002,0.404962213294989,0.117976033998883,5.51684539175798,9.03272255750565,133.643987997863,1316.72604216112,62.9802346779854,388.886251482019,14.8836382768133,43.4562792999851,12.6599453377282,592.00973900356,969.296644011349,2.90530408691007,1.88966197491796,8.27578631209167,0.986337482118663,0.0477485584918676,5.61584173949441,0.26530392656059,59.200973900356,22.8828069188727,10,1e-05,17.8784409768428,10.1563317197721,6.08340193705093,12.4718133342403,1.70245918132583,58.5737345309872,17.0640535575984,102.069764899814
"60",0.59,0.463515261954835,4,1.24540730790241,12.2703653873708,0.586903120979622,3.6239686410565,0.138698278076588,0.404962120347451,0.117975955293182,5.74884411326095,9.03272679585844,130.461956571204,1285.37536765877,61.4807131730334,379.626838918443,14.5292617251501,42.4215838645874,12.3585062157927,602.21699863162,946.218320290425,2.83612949067835,1.84467031092863,8.07874565001227,0.962852827046733,0.046611678484889,5.48213026100444,0.258987007674541,60.221699863162,22.3379857042086,10,1e-05,17.878429728867,10.1563299895541,6.08339750687403,12.4718091190909,1.7024576367808,58.5737210870553,17.0640421736059,102.0698127932
"61",0.6,0.452209874182798,4,1.24540730773979,12.270365376116,0.586903118685081,3.62396864402178,0.138698278436991,0.404962121111633,0.11797595605695,5.99244016803351,9.03272678528103,127.279918918292,1254.02436653774,59.9811651135244,370.367535429541,14.1748852153479,41.3868985830921,12.0570756473945,612.42397886217,923.139542940492,2.76695475909331,1.79967769984748,7.88170060000065,0.939368325467813,0.0454747948310446,5.34841816792975,0.252670177013286,61.242397886217,21.7931502632754,10,1e-05,17.8784303687085,10.1563296144177,6.08339720743557,12.4718082300968,1.70245847315068,58.5737211975866,17.0640422840772,102.069812673676
"62",0.61,0.440904485944638,4,1.24540730876602,12.2703654309829,0.586903123625267,3.62396861843671,0.138698278401423,0.404962117483731,0.117975954828419,6.24852856354419,9.0327268691521,124.097881253478,1222.67337077029,58.481617724814,361.108228698842,13.8205086496368,40.352212817385,11.7556448641441,622.630965973684,900.060774104333,2.69778002724952,1.75468520541831,7.68465569423946,0.915883818724232,0.0443379107252835,5.21470601542024,0.246353341997877,62.2630965973684,21.2483150102754,10,1e-05,17.8784302440691,10.156329593608,6.08339721440457,12.4718081153951,1.70245846495374,58.5737206728469,17.0640421063825,102.069813621419
"63",0.62,0.42959909718875,4,1.24540730838144,12.2703654175639,0.586903124936936,3.62396862249631,0.138698279546273,0.404962118106186,0.117975954341889,6.51809541092006,9.0327268467126,120.915843300725,1191.32236665691,56.9820698898971,351.848924553039,13.4661321824848,39.3175274354979,11.454214145408,632.837946286235,876.981993461072,2.62860528914618,1.70969276155597,7.48761076687162,0.892399318485678,0.0432010270367933,5.08099391078288,0.24003650825277,63.2837946286235,20.7034791570969,10,1e-05,17.878429572858,10.1563301943247,6.08339709926887,12.4718090296403,1.70245794398446,58.5737207628787,17.0640420360108,102.069813367852
"64",0.63,0.418293709754637,4,1.24540730839353,12.2703654116235,0.586903122254246,3.62396862322015,0.138698278551159,0.404962117800025,0.117975955281504,6.8022336174832,9.03272684380191,117.733805759464,1159.97136698449,55.4825218459935,342.589621153703,13.1117555486147,38.2828420836146,11.1527835992197,643.044926791294,853.903217476888,2.55943055998834,1.66470019080009,7.29056571488788,0.868914816196326,0.0420641426252605,4.94728176401592,0.23371967595014,64.3044926791294,20.1586437913683,10,1e-05,17.878430320618,10.1563296275056,6.08339721208604,12.4718081752426,1.70245847547451,58.5737207185956,17.0640421719167,102.069813334962
"65",0.64,0.406993973472807,4,1.24540732450177,12.2703662243884,0.586903181575442,3.62396843188902,0.138698278835011,0.404962103237874,0.11797593804671,7.10200424088322,9.03272789245697,114.553360283591,1128.63611387246,53.983729088388,333.334928474604,12.7575561774195,37.2486726236073,10.8515020507576,653.24688118962,830.836074472436,2.49029044094764,1.61973036435646,7.0936202157825,0.845442046055285,0.0409278278428089,4.81363668885596,0.227405985109939,65.324688118962,19.6140834968512,10,1e-05,17.8784263984032,10.1563288143334,6.08339611828597,12.4718069213321,1.70245827464442,58.5737186123261,17.0640396790762,102.069825184764
"66",0.65,0.395682932952108,4,1.24540730847446,12.2703654232728,0.586903123571414,3.62396862202591,0.138698278945752,0.404962117054625,0.1179759558309,7.41922019922866,9.03272685570543,111.3697301374,1097.26936447089,52.4834261403289,324.071012523454,12.4030024487583,36.2134711956112,10.5499223219458,663.458890754521,807.745663189501,2.42108108994347,1.57471520410232,6.89647578199575,0.821945812773385,0.0397903746001146,4.67985750035441,0.221086010006153,66.3458890754521,19.0689726202436,10,1e-05,17.8784300305343,10.156329763774,6.08339711592354,12.4718084856629,1.70245827450813,58.573720610781,17.0640422513814,102.069813469471
"67",0.66,0.384377545309149,4,1.24540730783663,12.2703653783224,0.586903120136061,3.62396862974773,0.138698278917746,0.40496211755411,0.11797595667756,7.75493381360723,9.03272680183536,108.187692480569,1065.91836086151,50.9838780273927,314.811709556633,12.0486259015156,35.1787858996335,10.2484917511075,673.665867667895,784.666882351507,2.35190635827323,1.52972266757189,6.69943074407006,0.798461311408558,0.0386534905326494,4.54614537191063,0.214769177711271,67.3665867667895,18.5241369724718,10,1e-05,17.8784304807204,10.1563297178623,6.08339714959938,12.4718082988852,1.7024584963874,58.5737206830264,17.0640423738423,102.06981286074
"68",0.67,0.373072156624502,4,1.24540730624742,12.2703653070907,0.586903116519413,3.6239686599629,0.138698280128721,0.404962121044417,0.117975956531647,8.11099399601592,9.03272669180936,105.005654453585,1034.56735237722,49.4843297785558,305.552407593704,11.6942494262273,34.1441007579358,9.94706106448063,683.872841076422,761.588094927543,2.28273161855621,1.48473020933924,6.50238576132021,0.7749768166493,0.0375166065295882,4.41243325913269,0.208452342788098,68.3872841076422,17.9793008954883,10,1e-05,17.8784297316358,10.1563303924525,6.08339741752523,12.4718093409189,1.70245798328626,58.5737211878645,17.0640423527375,102.069811617446
"69",0.68,0.361766768646286,4,1.24540730592619,12.2703652900467,0.586903113274806,3.62396866398819,0.13869827965861,0.404962121467402,0.117975957209952,8.48930834387233,9.03272666935958,101.823616737227,1003.21635064628,47.9847816723189,296.293103913688,11.3398728294501,33.1094154122739,9.64563046482208,694.079820358649,738.509316668092,2.21355688559189,1.43973770949059,6.30534071999347,0.751492311902154,0.03637972231364,4.2787211289517,0.202135510110509,69.4079820358649,17.4344653395444,10,1e-05,17.8784302747682,10.1563299635901,6.0833974477249,12.47180946191,1.70245781665947,58.5737212490451,17.0640424508475,102.069811363763
"70",0.69,0.350467032708957,4,1.24540731555821,12.2703657777336,0.586903148348667,3.62396852212605,0.138698276753966,0.404962112135376,0.117975946109564,8.89182330786003,9.03272733345806,98.643170645883,971.881062668936,46.4859863049822,287.038417775121,10.9856732100526,32.075246574718,9.34434962667546,704.281750197638,715.442130956706,2.14441675317137,1.39476771773565,6.10839467558396,0.728019537309026,0.0352434064351392,4.14507597706653,0.195821826731036,70.4281750197638,16.8899039542795,10,1e-05,17.878429336495,10.1563288851075,6.08339663033978,12.4718071721401,1.70245836409318,58.5737198992608,17.0640408452874,102.069818868076
"71",0.7,0.339161644556444,4,1.24540731131461,12.2703655657785,0.586903146764892,3.62396843678528,0.138698278786464,0.404962098021996,0.117975941025048,9.3213798477905,9.03272719622445,95.4611325576664,940.53004439919,44.9864382381821,277.779107434008,10.6312968106625,31.040560119486,9.04291860380978,714.488721228895,692.363342018472,2.07524201212318,1.3497751617045,5.9113495699929,0.704535005112855,0.0341065227163315,4.011363760264,0.189504987866477,71.4488721228895,16.3450681746665,10,1e-05,17.8784311855781,10.1563303880621,6.08339684518705,12.4718078977562,1.70245839809897,58.5737178579016,17.064040109863,102.069817317336
"72",0.71,0.327850604592443,4,1.24540730586723,12.2703652838279,0.586903112193522,3.62396866404401,0.138698278874074,0.404962121968093,0.117975957987562,9.7807980237492,9.0327266677061,92.277503631486,909.163348973321,43.4861380783822,268.515191761983,10.276743096164,30.0053592944868,8.74133854871247,724.700763279101,669.272987202414,2.006032687641,1.30476012686182,5.71420576259826,0.681038808121435,0.0329690699825173,3.87758476350678,0.183185011302045,72.4700763279101,15.799958787155,10,1e-05,17.8784307653961,10.1563297416412,6.08339733853113,12.471808423733,1.70245854392528,58.5737213214649,17.064042563321,102.069811345079
"73",0.72,0.316545216165129,4,1.2454073080251,12.2703653936282,0.586903126926657,3.62396856942441,0.138698278862277,0.404962108426645,0.117975953510269,10.2727954449057,9.03272687557932,89.0954659703309,877.812355304961,41.9865912429035,259.255880605603,9.9223665261071,28.9706729020354,8.43990755760011,734.907761568492,646.194224794327,1.93685795587676,1.25976769740276,5.51716092930052,0.657554287457219,0.0318321858643061,3.74387256544287,0.176868173604885,73.4907761568492,15.2551237422478,10,1e-05,17.878430610566,10.1563302525689,6.08339735046704,12.4718091103821,1.70245773788866,58.57371936283,17.0640419157252,102.069813694046
"74",0.73,0.305245480176327,4,1.24540730559029,12.2703652667714,0.586903110289324,3.62396868177326,0.138698279194587,0.404962123691247,0.117975958984396,10.8009632719985,9.03272663136646,85.9150189282632,846.477019541571,40.4877919080972,250.001213653078,9.56816716011832,27.9365058852553,8.13862798437674,745.109619794137,623.126969003806,1.86771780278833,1.21479761092677,5.32021431487709,0.634081549438484,0.0306958702098231,3.61022735941673,0.170554503059659,74.5109619794137,14.7105599443104,10,1e-05,17.878430544869,10.1563298040581,6.08339741267176,12.4718085195174,1.70245856383793,58.573721570702,17.064042707503,102.069810934441
"75",0.74,0.29394009199444,4,1.24540730573517,12.2703652805185,0.586903111353479,3.62396867773954,0.138698279245965,0.404962123275329,0.117975958679491,11.3700340695331,9.03272664989173,82.7329811921456,815.126019655586,38.9882441267327,240.741909153459,9.21379060119265,26.901820451978,7.83719729730833,755.316602445534,600.048193549136,1.79854306939447,1.1698051089128,5.1231693531353,0.610597047402323,0.029558986148566,3.4765152360787,0.164237669408468,75.5316602445534,14.1657244287425,10,1e-05,17.8784304581502,10.1563297933545,6.08339739075852,12.4718085038722,1.70245856434778,58.5737215105436,17.0640426634016,102.069811143777
"76",0.75,0.282634703853525,4,1.24540730688995,12.2703653372652,0.586903117320329,3.62396864229193,0.138698279319229,0.404962119035388,0.117975956508986,11.9846306321543,9.03272674568295,79.5509435313274,783.775022559586,37.4886966585264,231.482602701432,8.85941404468671,25.8671347803146,7.53576649372433,765.523591669896,576.969423018837,1.72936833763755,1.12481261115974,4.92612442844852,0.587112540136247,0.0284221021310459,3.34280310661367,0.15792083448147,76.5523591669896,13.6208890986195,10,1e-05,17.8784304552708,10.1563298429335,6.08339730084101,12.4718084129515,1.70245854773731,58.5737208972786,17.0640423494598,102.069812226217
"77",0.76,0.271323665103229,4,1.24540721149701,12.2703605537076,0.586902747263849,3.62397003415541,0.138698279685222,0.404962236604666,0.117976074624809,12.6507810737577,9.03272029973332,76.3673095122758,752.408058650827,35.9883766049726,222.218756007438,8.50486038282182,24.8319394476592,7.23419241734309,775.735120941211,553.878715732171,1.66015890244078,1.07979691915756,4.72897714457477,0.563616395483452,0.0272846465406897,3.20902342991048,0.151600917554783,77.5735120941211,13.0757689372028,10,1e-05,17.8784498316228,10.1563336172461,6.08340371991174,12.4718163494579,1.70245985411136,58.5737379024989,17.0640594337323,102.069739386986
"78",0.77,0.260023927530217,4,1.24540730446248,12.270365215003,0.586903106559275,3.62396869364065,0.13869827933541,0.404962124460727,0.117975960017937,13.3741527575622,9.0327265648059,73.1868679019411,721.07301352836,34.4896002914735,212.96399749054,8.15066092159166,23.7977643153365,6.93290538003068,785.937538394752,530.811858517341,1.5910188674335,1.0348275862583,4.53203437822442,0.54014354250854,0.0261483338711285,3.07537885255562,0.145287169836585,78.5937538394752,12.5312176121434,10,1e-05,17.8784307586399,10.1563298636282,6.08339748294879,12.4718086192143,1.702458590977,58.5737216819996,17.0640428569944,102.069810182307
"79",0.78,0.248718539535782,4,1.24540729410985,12.2703647050432,0.586903082203711,3.62396866622267,0.138698279139939,0.404962116480238,0.117975960673695,14.1636532939578,9.03272605772221,70.0048296299159,689.721984716203,32.9900511047748,203.704691840912,7.79628435378149,22.7630784762921,6.63147475243481,796.144474558742,507.733053881383,1.52184412238948,0.989835001104741,4.3349890666762,0.516659016021779,0.025011449520976,2.94166663668336,0.138970335537444,79.6144474558742,11.9863813684528,10,1e-05,17.8784348259848,10.1563312353256,6.08339800518647,12.4718093467951,1.70245865693432,58.5737205277016,17.0640429518432,102.069804452261
"80",0.79,0.237413151173778,4,1.24540730414237,12.2703652072319,0.586903105638623,3.6239686955641,0.138698279552782,0.404962124757653,0.117975960244261,15.0283460335022,9.03272655356481,66.8227924011093,658.371011797854,31.4905045579954,194.445389075794,7.44190780808773,21.7283935167119,6.3300440534614,806.351499456078,484.654304898672,1.45266940002412,0.944842586458942,4.13794442268871,0.493174538108042,0.0238745657795377,2.80795460841819,0.132653503236249,80.6351499456078,11.4415464849608,10,1e-05,17.8784308180194,10.1563298079899,6.0833973981612,12.471808868816,1.70245843654245,58.5737217249469,17.06404288973,102.069810055282
"81",0.8,0.22610776306512,4,1.24540730417982,12.2703651997498,0.586903105643919,3.62396869497932,0.138698279431788,0.404962124386367,0.117975960163127,15.9795071605353,9.03272654739519,63.6407546815916,627.020010971503,29.9909567278047,185.186084838994,7.08753124094639,20.6937080960687,6.02861338123543,816.558479883087,461.575528246362,1.38349466699112,0.899850072152946,3.94089944963641,0.469690036647028,0.0227376816338475,2.67424247764116,0.126336669467533,81.6558479883087,10.8967109430869,10,1e-05,17.8784308545738,10.1563298928468,6.08339750264218,12.4718086492477,1.70245860765512,58.5737216712442,17.0640428779947,102.069809985566
"82",0.81,0.214802374881203,4,1.24540730363802,12.2703651830115,0.586903104353485,3.62396869996904,0.138698279602593,0.404962124233865,0.117975961094644,17.0307904842097,9.03272652365918,60.4587169125806,595.669009525332,28.4914088247031,175.92678081416,6.73315468622976,19.6590226810559,5.72718275657698,826.76545871741,438.49675061918,1.31431993288219,0.854857575408121,3.74385446916748,0.446205534913237,0.0216007975758382,2.54053034459662,0.120019836554155,82.676545871741,10.3518753545101,10,1e-05,17.8784308318526,10.1563299230691,6.08339750224154,12.471808901941,1.70245845661368,58.5737216491863,17.0640430127293,102.069809717349
"83",0.82,0.203496986736652,4,1.24540730370451,12.2703651821324,0.586903104074047,3.62396869990262,0.138698279626381,0.404962124778689,0.117975960689998,18.1988831084167,9.03272652317499,57.2766791853928,564.318009003233,26.9918609799131,166.667476563536,6.37877812511292,18.6243373024954,5.42575206675746,836.972439644989,415.41797426301,1.24514519968245,0.809865067065662,3.54680949206085,0.422721032826109,0.0204639135127248,2.40681822958948,0.11370300290483,83.6972439644989,9.8070398097363,10,1e-05,17.8784309390009,10.1563298664819,6.083397462333,12.471808824512,1.70245852758419,58.5737217279896,17.0640429542014,102.069809711877
"84",0.83,0.192191598604637,4,1.24540730386652,12.2703651838885,0.586903104711611,3.62396869605862,0.138698279527791,0.40496212427579,0.117975960285252,19.504398407621,9.03272652959879,54.0946414655431,532.967008634849,25.4923131780441,157.408172159439,6.02440155895193,17.5896518767899,5.12432137933557,847.179421210824,392.339198234955,1.17597046664224,0.764872558961372,3.34976452379676,0.399236530837934,0.0193270293939385,2.27310610348645,0.10738616906938,84.7179421210824,9.26220428119589,10,1e-05,17.8784309543489,10.1563299234645,6.08339752468106,12.4718086827729,1.70245862201502,58.5737216552502,17.0640428956588,102.069809784466
"85",0.84,0.18088621043661,4,1.24540730335894,12.270365167982,0.586903105325407,3.62396867991964,0.138698279688434,0.404962121168084,0.117975960330928,20.9731031081984,9.03272652939617,50.9126037073568,501.616007435576,23.9927653671688,148.148867242868,5.67002500276342,16.5549663438733,4.82289071143517,857.386402168453,369.26042182967,1.10679573276863,0.719880051740314,3.15271954757647,0.375752026413984,0.018190145344481,2.13939396435856,0.101069335682238,85.7386402168453,8.71736876144672,10,1e-05,17.8784312062098,10.15633006493,6.08339748738668,12.4718087043556,1.70245864676703,58.5737212057517,17.0640429022654,102.069809782177
"86",0.85,0.169580822296352,4,1.24540730329735,12.2703651562137,0.58690310269445,3.62396870270928,0.138698279596261,0.404962124724313,0.117975960874801,22.6376350099405,9.0327264937155,47.7305659766725,470.265006553191,22.4932174324844,138.889563923461,5.31564843693526,15.5202810847757,4.52146006313533,867.59337972167,346.181644122404,1.03762099949288,0.674887549108925,2.95567456640031,0.352267527381336,0.0170532612266115,2.00568185292808,0.0947525023426447,86.759337972167,8.17253314793729,10,1e-05,17.8784310736687,10.1563299541635,6.08339756018167,12.4718087334757,1.70245863758492,58.5737217201247,17.0640429809312,102.069809378985
"87",0.86,0.158275434151362,4,1.24540730283924,12.2703651419388,0.586903101579208,3.62396870699933,0.138698279630399,0.404962125058053,0.117975961238224,24.5399572252029,9.03272647432277,44.5485282307876,438.914005628161,20.993669564834,129.630259821987,4.96127187594794,14.4855956918033,4.22002940547533,877.800358755714,323.10286717043,0.968446265886686,0.629895044764377,2.75862958983604,0.328783025874246,0.0159163771438099,1.87196972810042,0.0884356689913041,87.7800358755714,7.62769758367907,10,1e-05,17.87843108832,10.1563299650842,6.08339757912271,12.4718087609108,1.70245864492635,58.5737217683968,17.0640430334967,102.069809159847
"88",0.87,0.146970045992417,4,1.24540730202069,12.2703650931619,0.586903097675411,3.62396872267041,0.13869827982552,0.40496212634765,0.117975962536309,26.7349442565756,9.03272640691009,41.3664904713439,407.56300359138,19.4941216084091,120.370956065185,4.60689531969584,13.4509103275973,3.91859877663121,888.007333060558,300.024088694073,0.899271531985736,0.584902537352845,2.56158459711848,0.305298524579006,0.014779493069946,1.73825760117982,0.0821188359693384,88.8007333060559,7.08286197077305,10,1e-05,17.8784312965566,10.1563299969419,6.08339762312502,12.4718088789375,1.70245866576517,58.573721954924,17.0640432212518,102.069808398084
"89",0.88,0.135664657834684,4,1.24540730304704,12.2703651523551,0.586903102451251,3.62396870302747,0.13869827973876,0.404962124590761,0.117975960912377,29.2957629398476,9.03272648926185,38.1844527729888,376.2120051176,17.9945739382129,111.11165114656,4.25251875384209,12.4162248635064,3.61716805159641,898.214322084339,276.945315156479,0.8300967994128,0.539910038714362,2.36453965255123,0.281814021948121,0.0136426089942437,1.6045454814881,0.0758020018828958,89.8214322084339,6.53802651523335,10,1e-05,17.8784310527668,10.156329959592,6.08339756333068,12.4718087559794,1.70245865248598,58.5737217008077,17.0640429863662,102.069809328659
"90",0.89,0.124359269681153,4,1.24540730208596,12.2703651037872,0.586903098738525,3.62396871685781,0.138698279747245,0.404962125729343,0.11797596208499,32.3221844983896,9.03272642414846,35.0024150147145,344.861003324346,16.4950260055967,101.852347272527,3.89814219124032,11.3815394901556,3.31573741356948,908.421296470542,253.866537062107,0.760922065537272,0.494917532070917,2.16749466388026,0.258329520544626,0.0125057248954555,1.47083335447185,0.0694851687198042,90.8421296470542,5.99319091570325,10,1e-05,17.8784312493781,10.1563300034535,6.08339763295805,12.4718088312127,1.70245867096323,58.5737218654922,17.0640431559729,102.069808592878
"91",0.9,0.113053881570606,4,1.24540730270541,12.270365134969,0.586903098515241,3.62396872127132,0.138698278875831,0.404962126410014,0.117975962070707,35.9538907140168,9.03272645106496,31.8203773138331,313.510003936097,14.9954781868099,92.5930431224229,3.54376560746097,10.3468541032209,3.01430674037115,918.628280029406,230.787761739594,0.691747332909415,0.449925041957439,1.97044969524551,0.234845018887106,0.0113688406956478,1.33712122812417,0.0631683349341699,91.8628280029406,5.44835540134003,10,1e-05,17.8784312038476,10.1563295880035,6.08339786880986,12.4718090616798,1.7024582641375,58.5737219639444,17.0640431539071,102.069808897034
"92",0.91,0.101748493438543,4,1.24540730124023,12.2703650824468,0.586903094981639,3.62396873982907,0.138698279788096,0.404962127208928,0.11797596328738,40.3926423102565,9.03272637676227,28.6383395557935,282.15900240405,13.4959302901888,83.3337392573925,3.18938906847614,9.31216871355781,2.71287609497812,928.835253241947,207.708983908063,0.622572599038988,0.404932532721727,1.77340471837635,0.211360518349278,0.010231956669472,1.20340910000925,0.0568515016643976,92.8835253241947,4.90351980638954,10,1e-05,17.878431025458,10.156329796954,6.08339800398484,12.4718091876223,1.70245842681315,58.5737220794993,17.0640433298867,102.069808057414
"93",0.92,0.0904431052182908,4,1.24540730315836,12.2703651570549,0.586903102492012,3.62396870523454,0.138698279928789,0.404962124808258,0.117975960892448,45.9410828079057,9.03272649182279,25.4563018495746,250.808003494398,11.9963826256676,74.0744341388625,2.83501250629417,8.27748324634104,2.41144536719477,939.042246089705,184.630210146802,0.5533978662951,0.359940025781344,1.57635976940769,0.187876014841069,0.00909507267355771,1.0696969881003,0.0505346679071136,93.9042246089705,4.35868434362094,10,1e-05,17.8784309824559,10.1563299340777,6.08339757050524,12.4718087739959,1.70245866952039,58.5737217322665,17.0640429834837,102.069809357598
"94",0.93,0.0791377170389763,4,1.24540730635957,12.2703653181228,0.586903119034108,3.62396859840466,0.138698280882107,0.404962114948929,0.117975953609677,53.0747929839191,9.03272677195589,22.2742641680243,219.457005863366,10.4968350897315,64.8151279387024,2.48063595921039,7.24279766173943,2.11001456532152,949.249256488381,161.551438833491,0.484223134087484,0.314947516648711,1.37931483000087,0.164391507817471,0.0079581887825293,0.935984880732694,0.0442178335283745,94.9249256488381,3.81384898266534,10,1e-05,17.8784315078684,10.1563298739865,6.08339664189469,12.4718081136455,1.70245910253394,58.5737203062131,17.0640419301037,102.069812523102
"95",0.94,0.0678323289580617,4,1.24540730221099,12.2703651104152,0.586903097522903,3.62396871505044,0.138698279786909,0.404962125845591,0.11797596236311,62.5864022078562,9.0327264320097,19.0922263851387,188.106002028776,8.99728689895543,55.5558257909438,2.12625937893558,6.20811245471659,1.80858404912379,959.456201567458,138.472656783683,0.415048399676928,0.269955019571428,1.18226981079126,0.140907010598616,0.00682130451740803,0.80227274147054,0.0379010013243905,95.9456201567458,3.26901323701322,10,1e-05,17.878431631571,10.1563296221245,6.08339745725805,12.4718090212687,1.70245850816975,58.5737218823063,17.0640431962002,102.06980868171
"96",0.95,0.0565269407656689,4,1.24540730291487,12.2703651457556,0.586903101676846,3.62396870171556,0.138698280295088,0.404962124382159,0.117975960992338,75.9026584829889,9.03272648430334,15.9101886540661,156.7550020514,7.49773913119042,46.2965212953041,1.77188282124618,5.17342702390749,1.50715335588581,969.663188085585,115.393881254339,0.34587366639274,0.224962512444329,0.985224851811513,0.117422508920254,0.00568442045380595,0.66856061873321,0.0315841675572187,96.9663188085585,2.72417771775619,10,1e-05,17.8784312899007,10.1563298518139,6.08339741033985,12.4718086323468,1.70245887434899,58.5737216706355,17.0640429979318,102.069809272628
"97",0.96,0.0452214186302578,4,1.2454072971468,12.2703649928804,0.586903091132283,3.62396873716545,0.138698279937924,0.404962126924532,0.11797596394783,95.8773361007443,9.03272628744893,12.7281131533764,125.403628532138,5.99817342576368,37.0371076647896,1.41750205356351,4.13872938285818,1.20571914260242,979.870268570245,92.3148294807014,0.276698112029922,0.179969475144182,0.788177532424879,0.0939377296555138,0.00454752284659455,0.534846904762274,0.0252672593946923,97.9870268570245,2.17933565489037,10,1e-05,17.8784312409431,10.1563301380885,6.0833977707599,12.4718089020923,1.70245882352177,58.5737220383644,17.0640434254141,102.069807048173
"98",0.97,0.0327680722762004,4,1.2112374808607,10.5618740365144,0.453964540033175,4.09414301697835,0.140876955161613,0.43156094655907,0.166401917316855,100,6.75630355642469,8.96992131352589,78.2168489069418,3.36187268605245,30.3195213894152,1.04327617222581,3.19596098518587,1.23230343209937,740.558433442129,50.0343757760535,0.194998289424476,0.104065923434697,0.420257952643924,0.0722569512339045,0.00322612411657371,0.352691588291933,0.0220526516457416,74.0558433442129,1.12083736259481,10,1e-05,25.4425914185638,10.9805098223788,8.82470204656691,15.6694651167178,2.24715280663258,62.4209753103039,24.0683733207098,76.346230187599
"99",0.98,0.0179424331519377,4,1.15586351104786,7.79317555239518,0.266049806369776,4.27594221315501,0.1444759476363,0.381942111441592,0.22398547265673,100,3.66172105420809,4.68701485422132,31.6012480941775,1.07882927568791,17.3389024545647,0.58584850735114,1.54877140135386,0.908258827653573,405.498989233793,14.8482418633748,0.101891627265681,0.0387257890899054,0.127024107410674,0.0384800378502022,0.00175583541134563,0.152294001193427,0.0144828699279504,40.5498989233793,0.352894721022962,10,1e-05,48.9803798312619,10.4743187445077,14.0177604608516,20.4280780224068,3.08064926443014,55.2441069989119,32.3972587650694,41.3774479125514
"100",0.99,0.00438963623411412,4,1.07417515845304,3.7087579225719,0.0839362672454204,2.84140906738041,0.100710777060927,0.19528722915766,0.182653083253701,100,0.886795198773916,1.06564383259675,3.67930218426835,0.0832696276928332,2.81884199677364,0.0999109108104498,0.193736216760468,0.181202413910223,99.2057788909792,0.87975208411147,0.0231661702738423,0.00437947191171934,0.0094143383989711,0.00605995325865656,0.000299654698616322,0.0201575635963743,0.00305731881629311,9.92057788909792,0.0336733860928592,10,1e-05,121.391792894094,6.94465350209072,13.8349591325777,16.5528214048404,2.58970053343506,28.246344825364,26.4189419618153,10.0207857461452
"101",1,1.97316577317231e-09,-1,1.03470521378812,1.75028930971903,0.0668507221765549,1.66792104187608,0.128513101897748,3.42858462274685e-08,0.154169696793448,83.0890574725138,3.31332101289142e-07,4.61411750376344e-07,7.80516076753657e-07,2.98111078618022e-08,7.43785144953532e-07,5.7308549819558e-08,1.52892747713455e-14,6.87497353879395e-08,3.70523574585599e-05,1.47752734570641e-13,1.00306902255727e-08,9.32745153054574e-10,3.35101835376539e-09,1.56356019058649e-09,1.7929217196133e-10,1.74951186202533e-15,1.27570589687174e-09,3.70523574585599e-06,2.14839849699947e-08,10,1e-05,152.729969841586,15.1082587190381,7.73420928534728,25.781856682946,2.27866245990709,4.95910479834104e-06,22.2991049442043,3.74405274456731e-06
