"","phi","mu","convergence","f.TS","f.ATPS","f.AAS","f.NTS","f.ADPS","f.RNAP","f.DNAP","f.IDLE","f.R","v.TS","v.ATPS","v.AAS","v.NTS","v.ADPS","v.RNAP","v.DNAP","v.IDLE","v.R","p.TS","p.ATPS","p.AAS","p.NTS","p.ADPS","p.RNAP","p.DNAP","p.IDLE","p.R","c.x_S","c.x_W","c.S","c.AA","c.NT","c.ATP","c.ADP","c.RNA","c.DNA","c.P"
"1",0,0.991241983107644,4,1.22180838023782,11.0904190128611,0.479625855544879,3.73765717893984,0.124717901851398,0.452581807308495,0.109705694358067,5.55111572447814e-18,7.69229524172091,225.266043695632,2044.75174205939,88.4291028612011,689.115624846566,22.994365386998,83.442964404254,20.2265495462665,1.02346480640966e-15,1418.23623414984,4.96759537992749,2.95580969606102,15.5433732424575,1.41217916832847,0.162020796255131,8.07063395730856,0.37400220971044,1.02346480640966e-16,38.0527312979559,10,1e-05,29.14788736688,3.36439423374205,4.30579964939357,9.24461173034106,1.46425706964271,53.8753383420032,13.0593658563843,71.5383457480045
"2",0.01,0.981329563285292,4,1.22180837755625,11.0904188785651,0.479625851570303,3.73765710999435,0.12471790296728,0.452581798672319,0.109705693217083,0.0391932305578907,7.69229517049261,223.013382771199,2024.3042001441,87.5448111078989,682.224456019731,22.7644219370093,82.6085331846081,20.0242838427213,7.15383450384332,1404.05385881972,4.91791948293959,2.92625149684251,15.387938970363,1.39805730057338,0.160400621491515,7.98992768873491,0.370262194118004,0.715383450384332,37.672203880134,10,1e-05,29.1478896193242,3.36439428937889,4.3057988238573,9.24461201532236,1.46425712922268,53.8753373139529,13.0593657205616,71.5383450855813
"3",0.02,0.971417143465904,4,1.22180836159012,11.0904181012774,0.479625791816104,3.73765730242746,0.124717898360431,0.45258181754045,0.109705708544098,0.079186311723225,7.69229416195971,220.760719457025,2003.85654255208,86.6605092910544,675.333334676012,22.5344774489711,81.7741069666336,19.8220211189408,14.3076669768543,1389.87131440093,4.8682435675965,2.89669310822666,15.2325027916365,1.38393557176072,0.158780385789731,7.90922090766045,0.366522187455374,1.43076669768543,37.291670488414,10,1e-05,29.1478930744141,3.36439443032497,4.30580012102038,9.24461230235364,1.46425717956807,53.8753395600151,13.0593675450895,71.5383357062253
"4",0.03,0.961504723651334,4,1.22180837587557,11.0904188420308,0.479625848368335,3.737657123439,0.124717900410333,0.452581800569833,0.109705692765201,0.120004012486493,7.69229512108989,218.50806161301,1983.4091593225,85.7762284952064,668.442146201072,22.3045341685247,80.9396742700927,19.6197527757641,21.461503024495,1375.68912560453,4.81856756485336,2.86713528958148,15.0770713801263,1.36981375175312,0.157160183257695,7.82851490357415,0.362782141930692,2.1461503024495,36.9111491086097,10,1e-05,29.1478895222156,3.36439424514717,4.30579950569598,9.24461159275771,1.46425712194739,53.8753375398329,13.0593656667696,71.538344626136
"5",0.04,0.951592303889303,4,1.22180836715321,11.0904183497172,0.479625814813793,3.73765718139253,0.124717898935957,0.452581803549983,0.109705700060892,0.161672062954213,7.69229454672793,216.255399655963,1962.96155522167,84.8919315469602,661.551000360487,22.0745902579542,80.1052451717617,19.4174885759564,28.6153357001713,1361.50666192437,4.76889167326924,2.8375769661148,14.9216361334738,1.35569195425641,0.155539977515729,7.74780830204973,0.359042129206032,2.86153357001713,36.5306185786669,10,1e-05,29.1478928361928,3.36439441388181,4.30579991670142,9.24461192708741,1.46425722127823,53.8753378945899,13.0593665352486,71.5383392845698
"6",0.05,0.941679883970786,4,1.22180837564019,11.0904187810915,0.479625846814486,3.73765709267609,0.124717901190302,0.452581787157303,0.109705698794022,0.2042173571622,7.69229508793599,214.002740709774,1942.51411439962,84.0076461906439,654.659828507808,21.8446470022853,79.2708126560698,19.2152228462997,35.7691721587017,1347.32439553305,4.71921568232336,2.80801905637494,14.7662037883614,1.34157014910222,0.153919768577158,7.6671017843305,0.35530210739414,3.57691721587017,36.1500947654709,10,1e-05,29.1478904610144,3.36439432612883,4.30579964683054,9.24461177438948,1.46425714960173,53.8753359432053,13.0593663844404,71.5383443178047
"7",0.06,0.93176696853526,4,1.22180837586037,11.0904188406147,0.479625848753524,3.7376571164005,0.124717900464495,0.452581799595044,0.109705692355388,0.247670053570992,7.69229512683235,211.749967690192,1922.06558538049,83.1233113011052,647.768331983728,21.6146917270465,78.4363434846606,19.0129461138498,42.9233641523823,1333.14133112173,4.66953722107317,2.77845951770575,14.6107624319421,1.32744766915515,0.152299479003589,7.58639184684056,0.35156188795305,4.29233641523823,35.7695482106293,10,1e-05,29.1478896243823,3.36439425270639,4.30579950441722,9.24461158739859,1.464257132719,53.875337423794,13.0593656179854,71.5383446795408
"8",0.07,0.921855044126698,4,1.22180837504678,11.0904187528002,0.479625848952025,3.73765703736139,0.124717899444759,0.452581790504654,0.109705687750147,0.29205278147209,7.69229511710112,209.49741970972,1901.61907518679,82.2390645158952,640.877506717948,21.3847593934629,77.6019540009292,18.8106899416663,50.0768413337377,1318.95967615762,4.61986380130344,2.74890281154004,14.4553362659771,1.31332654142474,0.150679360194097,7.50568953923081,0.34782204509147,5.00768413337377,35.389040090905,10,1e-05,29.1478915695589,3.3643943982282,4.30579944823319,9.24461139520898,1.46425718656385,53.8753363416741,13.0593650697775,71.5383445890404
"9",0.08,0.911942623603451,4,1.22180837274335,11.090418638478,0.47962584002302,3.73765706680141,0.124717900131688,0.45258178734418,0.109705694736995,0.337402588680039,7.69229496560158,207.244758734324,1881.17153742638,81.35477192314,633.986355242967,21.1548158444913,76.767523793517,18.6084256293812,57.2306751592535,1304.77728735799,4.57018784529443,2.71934471170946,14.299902223404,1.29920474700921,0.149059145140576,7.42498289515197,0.344082033286057,5.72306751592535,35.0085120631736,10,1e-05,29.1478919619459,3.3643944281682,4.30579964916928,9.24461178793895,1.46425712086548,53.8753359654511,13.0593659014919,71.5383431800947
"10",0.09,0.902030203276145,4,1.2218083521181,11.0904176088246,0.479625761665278,3.73765730818971,0.124717896880377,0.452581815519467,0.109705710712907,0.383749033824617,7.69229364028271,204.992094737958,1860.7238469196,80.4704677322017,627.095239355826,20.9248716367835,75.9330988716928,18.4061628034946,64.3844987317389,1290.59470245675,4.52051194770597,2.68978626479964,14.1444654672032,1.2850829913507,0.147438926401068,7.34427635601929,0.340342030137755,6.43844987317389,34.6279769978377,10,1e-05,29.1478968981608,3.3643946441868,4.3058005724527,9.24461271915854,1.46425717784948,53.8753393194373,13.0593678032644,71.5383308546292
"11",0.1,0.892117784807044,4,1.22180837402827,11.0904187012662,0.479625838431759,3.73765714610794,0.124717900275931,0.452581802049339,0.109705695058784,0.431125524082243,7.69229495035538,202.739438298004,1840.27651617026,79.586189736341,620.204056921051,20.6949285871105,75.0986670920121,18.2038947081201,71.538343038353,1276.41256240198,4.47083590408311,2.66022855601172,13.9890348918634,1.2709612129397,0.145818728014534,7.26357046113283,0.336601990146058,7.1538343038353,34.2474569902784,10,1e-05,29.1478904774788,3.3643943023412,4.30579963002057,9.24461173763568,1.46425715901638,53.8753377159534,13.0593659397977,71.538343038305
"12",0.11,0.882205364976777,4,1.22180837375147,11.0904186877914,0.479625844279152,3.73765704526609,0.124717900235838,0.452581786903193,0.109705691416652,0.479566599736192,7.69229503940177,200.48677782726,1819.82899711474,78.7018996988526,613.31288418652,20.4649849295852,74.2642349723998,18.0016286137438,78.6921782500747,1262.23021521048,4.4211599871082,2.63067044010125,13.8336011732266,1.25683936918995,0.144198523077613,7.18286399829736,0.332861962358354,7.86921782500747,33.8669305880697,10,1e-05,29.1478919057032,3.36439439619839,4.30579956834667,9.24461171889724,1.46425712441318,53.8753359129561,13.0593655062382,71.5383438664365
"13",0.12,0.87229244958652,4,1.22180837181286,11.0904186260873,0.479625840135705,3.7376570499479,0.124717902002974,0.452581788691596,0.109705688609314,0.529111102468774,7.69229496803293,198.234004468757,1799.38044803388,77.8175638097158,606.421384429289,20.2350300696567,73.4297639398636,17.7993525562105,85.8463692597194,1248.04713263299,4.37148154649033,2.60111084837484,13.6781595593719,1.24271686659604,0.142578237400323,7.10215372800119,0.329121748316116,8.58463692597194,33.4863837421836,10,1e-05,29.147892082619,3.36439442199367,4.30579959463637,9.24461211362301,1.46425715467011,53.8753361258476,13.0593651720527,71.5383432027062
"14",0.13,0.862380525312579,4,1.22180837544583,11.0904187723065,0.479625844803507,3.73765711553962,0.124717900535904,0.452581798514,0.109705692871622,0.579789505866867,7.69229505603134,195.98145724858,1778.93397702446,76.9333177670957,599.530583453148,20.0050976758865,72.5953776217912,17.5970978670042,92.9998472270751,1233.86549393802,4.32180804108116,2.57155428998842,13.5227339476892,1.22859583068519,0.14095810498348,7.02145146442731,0.325381920727538,9.29998472270751,33.1058756988016,10,1e-05,29.1478903051567,3.3643943081426,4.30579956576631,9.24461166875687,1.46425715648567,53.8753372951066,13.0593656794379,71.5383440210915
"15",0.14,0.852468105485277,4,1.22180837477646,11.0904187387688,0.479625844958197,3.73765707507296,0.1247179082618,0.452581782370584,0.109705692824288,0.631649032226937,7.69229505498047,193.728796715182,1758.48645473746,76.0490267831519,592.639420907842,19.7751552495403,71.7609454345959,17.3948323668539,100.153681613144,1219.68313177765,4.27213209155181,2.54199615189676,13.3673002221431,1.21447401206502,0.139337912036872,6.94074485104976,0.321641897254092,10.0153681613144,32.7253487120066,10,1e-05,29.1478905848204,3.36439434864266,4.30579971013739,9.24461296497245,1.46425733311266,53.8753353733943,13.0593656738032,71.5383440113184
"16",0.15,0.842555685648957,4,1.22180837487134,11.0904187431863,0.479625848280499,3.7376570378973,0.124717900313495,0.45258178979621,0.109705687099105,0.684728787342138,7.69229510515014,191.476136301972,1738.03893850368,75.1647362942466,585.748259021235,19.5452103381083,70.9265169997998,17.1925659768879,107.30751671989,1205.5007776353,4.22245616180077,2.51243807481342,13.2118664792835,1.20035221013198,0.137717690598882,6.86003881289495,0.317901867165093,10.730751671989,32.3448215092187,10,1e-05,29.1478915361484,3.36439440669734,4.30579955845228,9.24461163660293,1.46425713600089,53.8753362573408,13.0593649922774,71.5383444778963
"17",0.16,0.832642770332258,4,1.22180837314307,11.0904186376242,0.479625843041392,3.73765701437595,0.124717901177488,0.452581784862316,0.109705686713168,0.739075082933551,7.69229501672651,189.223363004993,1717.59038313511,74.2804002651649,578.856754926332,19.3152553268394,70.0920449138399,16.9902903245262,114.461707563944,1191.31769292687,4.17277774845123,2.48287849784139,13.0564246384496,1.18622967888486,0.136097400242944,6.77932837661574,0.314161657644484,11.4461707563944,31.9642749010318,10,1e-05,29.1478927352265,3.36439441903116,4.30579955599327,9.24461205469971,1.46425703579761,53.8753356700101,13.0593649463355,71.5383436555565
"18",0.17,0.822730350349826,4,1.22180837272989,11.090418634376,0.479625842888889,3.73765702614097,0.12471789974845,0.452581787168127,0.109705687667234,0.794728185532624,7.692295003625,186.970702483492,1697.14286559707,73.396109222766,571.965600676427,19.0853114520182,69.2576156512937,16.7880249860687,121.615541724002,1177.13532877875,4.12310178513875,2.45332035917304,12.9009910850094,1.17210791191332,0.134477194226922,6.69862203170895,0.310421636493423,12.1615541724002,31.5837473576485,10,1e-05,29.1478924957413,3.3643945368783,4.30579963123311,9.24461165252965,1.46425715338468,53.8753359444938,13.0593650599075,71.5383435337125
"19",0.18,0.812817930647547,4,1.22180837172827,11.0904185946083,0.479625840241119,3.73765702195131,0.124717901345199,0.452581785111684,0.109705687307194,0.851738677331424,7.69229496430848,184.71804193822,1676.69534312774,72.5118178286772,565.074444165809,18.8553680464164,68.4231857443249,16.5857594511378,128.769375263947,1162.95296111648,4.0734258348887,2.42376226237048,12.7455571836639,1.15798610930458,0.132856987886386,6.61791567311954,0.306681613963757,12.8769375263947,31.2032199764768,10,1e-05,29.1478927972928,3.36439448316549,4.30579963564096,9.24461202588169,1.46425714272259,53.8753356996949,13.0593650170483,71.5383431680688
"20",0.19,0.802905510481559,4,1.22180837286705,11.0904186598747,0.479625842938903,3.73765704136762,0.124717898792226,0.452581791813553,0.109705687162453,0.910156849473996,7.69229501511388,182.465381610908,1656.24783553433,71.6275272012915,558.183290873592,18.6254240044485,67.5887571138739,16.3834939402254,135.923210671208,1148.77060639457,4.02374986692019,2.39420421376821,12.5901235679001,1.14386433142334,0.131236772058081,6.53720944392208,0.302941592152857,13.5923210671208,30.8226927852934,10,1e-05,29.1478921884416,3.36439441796506,4.30579957704027,9.24461157284717,1.46425704438163,53.8753364974854,13.0593649998184,71.5383436405591
"21",0.2,0.792993586490256,4,1.22180837662109,11.0904188311559,0.479625851084123,3.73765707536265,0.124717900668579,0.452581793889408,0.109705689989852,0.970032455505472,7.69229515891866,180.212834423991,1635.80136685511,70.7432816313831,551.292484602827,18.3954921352325,66.7543695444794,16.1812389928,143.076689958002,1134.58897511273,3.97407636465363,2.36464763222264,12.4346980578889,1.12974328071016,0.129616649622633,6.45650711013537,0.299201762144486,14.3076689958002,30.4421851247656,10,1e-05,29.1478903561703,3.36439432811468,4.30579951741808,9.24461158099787,1.46425715799214,53.8753367445951,13.059365336392,71.5383449779436
"22",0.21,0.783080670727899,4,1.22180837167129,11.0904185950541,0.479625839637022,3.7376570312327,0.124717899637686,0.452581785364367,0.109705690645644,1.03142999775397,7.69229495729933,177.960060569213,1615.35279236467,69.8589447014587,544.400977344151,18.16553682901,65.9198969358788,15.9789634813033,150.23087836771,1120.40587399538,3.92439796749312,2.33508796324467,12.2792559675404,1.11562074776755,0.127996363197892,6.37579657942726,0.295461553195167,15.023087836771,30.0616381242467,10,1e-05,29.1478928064912,3.36439444902563,4.30579961329198,9.24461167532791,1.4642571660072,53.8753357297743,13.0593654144575,71.5383431028837
"23",0.22,0.773168250982575,4,1.22180837239122,11.0904186151198,0.479625842148717,3.73765701753954,0.124717899464548,0.452581784941524,0.109705688507492,1.09439875764123,7.692294992977,175.707400271071,1594.90527877692,68.9746540710313,537.509819458426,17.9355931563119,65.0854672787046,15.7766976869489,157.384713438073,1106.22351743174,3.87472201558487,2.30552985389189,12.1238223816326,1.10149895950078,0.126376156940212,6.29509028611883,0.291721527774172,15.7384713438073,29.6811109094355,10,1e-05,29.147892826716,3.36439451803813,4.30579963792461,9.24461154008414,1.46425721970155,53.875335679439,13.0593651599319,71.5383434346861
"24",0.23,0.763256327000295,4,1.22180837821649,11.090418910818,0.479625857510779,3.73765705228759,0.124717900879206,0.452581789078971,0.109705689968258,1.15899983309267,7.69229526608104,173.454853360362,1574.45882691439,68.0904094828762,530.619013156734,17.7056612101424,64.2510800039325,15.5744425275743,164.538195741649,1092.04190376428,3.82504849723881,2.27597336531045,11.9683971033733,1.08737790742823,0.124756024017299,6.21438802022571,0.287981695672449,16.4538195741649,29.3006037871225,10,1e-05,29.1478899810132,3.36439432754051,4.30579956152669,9.24461148581505,1.4642571637945,53.8753361719607,13.0593653338215,71.5383459745537
"25",0.24,0.753343907167299,4,1.22180837753622,11.0904188768518,0.479625856691326,3.73765702469123,0.124717894101698,0.45258179362926,0.109705693297823,1.22530417109724,7.69229526430165,171.202192831375,1554.01130491857,67.2061183356451,523.727853273587,17.4757166083426,63.4166510309339,15.3721775067111,171.692030300437,1077.85954112579,3.77537257782871,2.2464152960655,11.8129629546565,1.07325607102605,0.123135824239215,6.13368186886053,0.28424168806506,17.1692030300437,28.9200766472201,10,1e-05,29.1478915970276,3.3643941949803,4.30579838123472,9.24461053318308,1.46425689161861,53.8753367136271,13.0593657301728,71.5383459580054
"26",0.25,0.743430992110692,4,1.22180837223015,11.0904185960511,0.479625840728312,3.73765701621768,0.124717902181339,0.452581783744515,0.109705686785234,1.29338002254011,7.69229497063102,168.949419122536,1533.56272736003,66.3217809183107,516.836351854932,17.2457625979905,62.5821783570765,15.1699010074493,178.846215559965,1063.67642958212,3.72569415399102,2.21685561152744,11.6575211738105,1.05913356960246,0.121515530949741,6.05297130550227,0.280501459630758,17.8846215559965,28.5395288658579,10,1e-05,29.1478928789433,3.36439450322384,4.30579962887022,9.2446122072374,1.46425712049428,53.8753355369471,13.0593649549143,71.5383432268685
"27",0.26,0.733519067507427,4,1.22180837645596,11.0904188227712,0.479625864834393,3.73765686543332,0.124717901039443,0.45258176064373,0.109705683176494,1.36328889283154,7.6922953647235,166.696871820558,1513.11626320514,65.4375373853926,509.945519618741,17.0158302757801,61.747787293116,14.967645138843,185.999701918822,1049.49483006381,3.67602069714024,2.18729902125194,11.502095854881,1.04501245018565,0.119895406153,5.97226880530858,0.276761620540761,18.5999701918822,28.1590228445852,10,1e-05,29.1478930462713,3.3643945888828,4.30579948051546,9.24461155469784,1.46425712544569,53.8753327870296,13.0593645253299,71.5383468919286
"28",0.27,0.723606647673212,4,1.22180837835494,11.090418917798,0.47962586321099,3.73765696445157,0.124717892756205,0.4525817869526,0.109705690461321,1.43511654891943,7.69229537018842,164.444211645446,1492.66875891828,64.5532461208784,503.054377273058,16.7858855084863,60.9133612757785,14.7653806444028,193.153536747013,1035.31246822656,3.62634472805294,2.15774101655126,11.3466618781827,1.03089067800937,0.118275199186485,5.89156284512879,0.273021618279366,19.3153536747013,27.7784953046601,10,1e-05,29.147892171772,3.36439422594136,4.30579827207525,9.24461023999574,1.46425683592103,53.8753359188375,13.0593653925156,71.5383469427523
"29",0.28,0.713693732069899,4,1.22180837199417,11.0904186175248,0.479625842366103,3.73765700717078,0.124717899424877,0.45258178440397,0.109705687671188,1.508943087957,7.69229500543728,162.191437700194,1472.22017912474,63.6689080829904,496.162882427956,16.5559312559413,60.078889596731,14.5631046693821,200.30771965007,1021.12934789405,3.57666628757792,2.12818132065102,11.191219948712,1.01676820167868,0.11665490543414,5.81085229124961,0.269281395519032,20.030771965007,27.3979472347374,10,1e-05,29.1478929913931,3.364394419415,4.30579953440902,9.24461165136002,1.46425711075253,53.8753356154486,13.0593650603782,71.5383435505667
"30",0.29,0.703781311793032,4,1.22180837121858,11.0904186031147,0.479625841057731,3.73765701862673,0.124717900199173,0.452581786140854,0.109705685702536,1.58484557261224,7.69229497837986,159.938777075602,1451.77265962711,62.784616867637,489.271727685889,16.3259876975619,59.2444601847549,14.3608389194486,207.461553471331,1006.94698180846,3.52699032078403,2.09862320090814,11.0357862994388,1.00264642693401,0.115034695770057,5.7301459668469,0.265541368379455,20.7461553471331,27.0174196727383,10,1e-05,29.1478926588816,3.36439447801875,4.30579983835186,9.24461170983133,1.4642572108167,53.8753358222072,13.0593648260299,71.5383432989327
"31",0.3,0.693869388180676,4,1.22180838031673,11.0904190158575,0.479625867423091,3.73765699446154,0.124717900051495,0.452581784968861,0.109705687217189,1.66291284076346,7.69229543608516,157.686230598337,1431.32621983927,61.9003735363144,482.380913587583,16.0960555387272,58.4100722002794,14.1585837608956,214.61504266781,992.765388997102,3.477316826641,2.06906672917407,10.8803611426023,0.98852534139893,0.113414575061188,5.64944376330947,0.26180154236354,21.461504266781,26.6369133682604,10,1e-05,29.1478902167258,3.36439427398453,4.30579894808752,9.24461123432499,1.46425708218016,53.8753356826932,13.0593650063342,71.538347555592
"32",0.31,0.683956968349111,4,1.22180838173189,11.0904190866268,0.479625876459659,3.73765692941393,0.124717901538057,0.452581775357376,0.109705681029307,1.74324682611063,7.69229557589722,155.433570341155,1410.87871141514,61.0160836353549,475.489749403807,15.8661120772789,57.5756413746491,13.9563174913912,221.768881454376,978.583044082886,3.4276408752627,2.03950863190933,10.7249277285492,0.974403542875058,0.111794363856516,5.56873738429956,0.258061509422378,22.1768881454376,26.2563866742319,10,1e-05,29.1478901841979,3.36439439448364,4.30579931148661,9.24461130432074,1.46425714127642,53.8753345385421,13.0593642697287,71.5383488558441
"33",0.32,0.674044052641956,4,1.22180837172337,11.0904186243305,0.479625843368297,3.73765700616431,0.124717899697326,0.452581785375287,0.109705685725612,1.82594760746161,7.69229501374227,153.180795955662,1390.43011299736,60.1317441821357,468.59825850263,15.6361566901101,56.74117130253,13.7540424908102,228.923057295627,964.399901163545,3.37796246036336,2.00994893074809,10.5694852175625,0.960281047390543,0.11017407340567,5.48802697804508,0.254321304318707,22.8923057295627,25.8758378864064,10,1e-05,29.1478927354175,3.36439451313959,4.30579962937696,9.24461161956623,1.46425717288321,53.8753357310742,13.0593648287768,71.5383436278031
"34",0.33,0.664131632805169,4,1.221808371759,11.090418624449,0.479625843059673,3.73765700951398,0.124717901142781,0.452581778163663,0.109705691697177,1.91111300367543,7.69229500896241,150.928135537507,1369.98259629596,59.2474531373404,461.707102982522,15.4062132186339,55.9067408076042,13.5517777488052,236.076891526745,950.217538643753,3.32828650220638,1.98039083883778,10.4140515092751,0.946159257162935,0.108553865501258,5.4073204134182,0.250581289538056,23.6076891526745,25.4953107547362,10,1e-05,29.1478925804482,3.36439450907871,4.3057997095507,9.24461187875946,1.46425719080175,53.8753348726024,13.059365539632,71.5383435833504
"35",0.34,0.654219708858005,4,1.22180838316753,11.0904191583752,0.479625878041973,3.73765696968585,0.124717901732412,0.452581783290334,0.109705681092991,1.99885487392798,7.6922956098369,148.6755891972,1349.53616748042,58.3632106265696,454.816286940529,15.1762811411014,55.0723535847469,13.349521086519,243.230387182725,936.035959343001,3.27861299408088,1.95083436882073,10.2586266333875,0.932038189147932,0.106933739710385,5.32661847481296,0.246841444580705,24.3230387182725,25.1148046086696,10,1e-05,29.1478891388085,3.36439431002725,4.3057992111708,9.24461125765008,1.46425715067405,53.8753354828814,13.0593642773096,71.5383491714831
"36",0.35,0.644307289024489,4,1.22180838333068,11.0904191665451,0.479625879925988,3.73765695129237,0.124717901557969,0.452581780293718,0.1097056803349,2.08930080336134,7.69229563750494,146.42292877384,1329.0886507656,57.4789197820443,447.925128871875,14.9463374664887,54.2379236256635,13.147255524613,250.384223002101,921.853599635082,3.22893704252997,1.9212762694888,10.103192954022,0.917916395563057,0.105313530400746,5.24591210321364,0.243101421182942,25.0384223002101,24.7342774121848,10,1e-05,29.1478892650118,3.36439435167871,4.3057992919673,9.24461119371706,1.46425715555839,53.8753351261642,13.0593641870665,71.538349428796
"37",0.36,0.634394869195278,4,1.22180837694583,11.0904188472821,0.479625855987425,3.73765701932461,0.124717901881604,0.452581779907403,0.109705692244017,2.1825730456739,7.69229523233039,144.17026757821,1308.64109539328,56.5946258839577,441.033981072052,14.7163938513911,53.4034939860013,12.9449914602885,257.538044378415,907.67118875698,3.17926110197152,1.89171809048719,9.94775855892404,0.90379460783505,0.103693323981114,5.16520548614821,0.239361412669586,25.7538044378415,24.3537486408144,10,1e-05,29.1478908403364,3.36439442085387,4.30579949278911,9.24461169133722,1.46425720914123,53.8753350801773,13.0593656047278,71.5383456606726
"38",0.37,0.624482449365145,4,1.22180838479894,11.0904192399272,0.479625885456544,3.73765693279756,0.124717901935765,0.452581779329864,0.109705678291145,2.27880657344073,7.69229573305666,141.917608059705,1288.19362388711,55.7103382775622,434.142815068087,14.4864502037783,52.5690643254744,12.7427243480645,264.691896173769,893.488884595371,3.12958513182729,1.86216009596939,9.79232559949693,0.889672808885052,0.102073116138225,5.08449947713955,0.23562137607011,26.4691896173769,23.9732230945235,10,1e-05,29.1478889780497,3.36439431400482,4.30579912750599,9.2446111659735,1.46425714190914,53.875335011427,13.0593639437779,71.538350317427
"39",0.38,0.614569533695787,4,1.22180837181377,11.0904186227805,0.479625844125712,3.73765699487329,0.124717899654885,0.452581784667832,0.109705684309891,2.37814909054955,7.69229502374346,139.664833447603,1267.74501267775,54.8259982353384,427.251321660458,14.2564947868022,51.7345936034281,12.5404494525199,271.846063840686,879.305730837393,3.07990673338462,1.83260036227895,9.63688291237798,0.875550300947365,0.100452824711943,5.00378896724635,0.231881171018956,27.1846063840686,23.5926740647794,10,1e-05,29.1478928988116,3.36439454240544,4.30579963315686,9.24461160454432,1.46425717377777,53.8753356468588,13.0593646602494,71.5383437208141
"40",0.39,0.60465760971026,4,1.22180838275302,11.0904191376042,0.479625871428264,3.73765704969932,0.124717901987598,0.452581792195419,0.109705686611487,2.48073885045729,7.69229550597454,137.412286940529,1247.29857671573,53.9417545329807,420.360516631349,14.0265629017253,50.9002065881118,12.3381943522912,278.999557995716,865.124132571922,3.0302332040995,1.80304388724312,9.48145788126107,0.861429262741442,0.0988326973955709,4.92308674809145,0.228141341013867,27.8999557995716,23.2121673841456,10,1e-05,29.1478882343701,3.36439423898121,4.30579930859631,9.24461134359352,1.46425719189654,53.8753365429427,13.0593649342314,71.5383482055632
"41",0.4,0.594745189873659,4,1.22180838777212,11.0904193885045,0.479625894307106,3.73765693528613,0.124717902260929,0.452581781050599,0.109705677005145,2.58675345920064,7.6922958862923,135.159627052905,1226.851086809,53.0574660055086,413.469347960638,13.7966192777127,50.0657757385992,12.1359278083197,286.153406968244,850.941811807054,2.98055725362962,1.77348584217201,9.32602466024206,0.847307447911027,0.097212490860216,4.84238050480724,0.22440130939435,28.6153406968244,22.8316415366775,10,1e-05,29.1478877655919,3.3643942500996,4.30579907411053,9.2446110125609,1.46425714854032,53.8753352162633,13.0593637906925,71.5383517425184
"42",0.41,0.584832770024051,4,1.22180837875471,11.0904189378836,0.479625857542617,3.73765707448852,0.124717901132665,0.452581798181311,0.109705687988431,2.69636144132604,7.69229527151658,132.906965616943,1206.40351963956,52.1731709045766,406.578207290799,13.5666754999264,49.2313480048687,11.9336635392223,293.307218713316,836.759381376015,2.9308813122406,1.7439276504784,9.17058998227146,0.833185667022596,0.095592287372198,4.76167414992599,0.220661300701884,29.3307218713316,22.4511118037595,10,1e-05,29.1478896990235,3.36439427280167,4.30579897417684,9.24461150479287,1.46425716990562,53.8753372555033,13.0593650981428,71.5383460251042
"43",0.42,0.57492035017365,4,1.22180838089691,11.090419045178,0.479625861484539,3.7376571193695,0.124717901194886,0.452581805359804,0.109705686588812,2.80974924741036,7.69229533854774,130.654305407406,1185.95601379088,51.2888802920875,399.687056020833,13.3367318535869,48.3969191436607,11.7313979054406,300.461055947164,822.577026119922,2.88120533326286,1.71436957789667,9.0151565278114,0.819063910228885,0.0939720706478107,4.68096784195331,0.216921274002802,30.0461055947164,22.0705845179739,10,1e-05,29.147888021018,3.3643942579314,4.30579947382674,9.24461132873103,1.46425722719954,53.8753381100311,13.0593649315322,71.538346648494
"44",0.43,0.565007435532221,4,1.22180837285784,11.0904186304839,0.47962584491648,3.73765697761477,0.124717906540191,0.452581775936366,0.109705682783832,2.92712139800598,7.69229504296655,128.401531675598,1165.50743202626,50.4045433691298,392.79554099075,13.106777284295,47.562444757819,11.5291219276988,307.615235951666,808.393924578577,2.83152696482842,1.68480987943278,8.85971429006023,0.804941338138842,0.092351794037807,4.60025721816604,0.213181060084737,30.7615235951666,21.6900377596735,10,1e-05,29.1478928824695,3.36439447495872,4.3057996504737,9.24461272944132,1.46425732317499,53.875334607465,13.0593644785874,71.5383438995889
"45",0.44,0.555095014791278,4,1.22180837247016,11.0904186328841,0.479625836419946,3.73765711809969,0.124717900563926,0.45258179592356,0.109705695507627,3.04867951947256,7.69229490714026,126.148871005448,1145.05991368158,49.5202514016964,385.904398985666,12.8768329836382,46.728017158656,11.3268577487119,314.769065349721,794.211547277968,2.78185097691247,1.65525181897455,8.70428054974859,0.790819593227881,0.090731574372514,4.51955084638254,0.209441051672053,31.4769065349721,21.3095096901418,10,1e-05,29.147891273245,3.36439441042469,4.30579964255172,9.24461182982918,1.4642571926976,53.8753369867406,13.059365993228,71.5383426364044
"46",0.45,0.545182594281903,4,1.22180837395905,11.0904187043339,0.479625849614823,3.73765698385087,0.124717901016849,0.452581776306849,0.109705688513462,3.1746580799722,7.69229511961043,123.896210579645,1124.61240280764,48.6359616858468,379.013228764454,12.6468893623353,45.8935854892924,11.1245915280528,321.922909007488,780.02920612817,2.73217504074655,1.62569370844087,8.5488469811888,0.776697771469859,0.0891113676379405,4.43884441873529,0.205701021161887,32.1922909007488,20.9289834022471,10,1e-05,29.1478923877011,3.36439449350465,4.30579976357791,9.24461167687915,1.46425723001258,53.8753346515673,13.0593651606425,71.538344612377
"47",0.46,0.535270670861813,4,1.22180839650892,11.0904198256065,0.479625928860576,3.73765681491746,0.124717904081886,0.45258176536653,0.109705669842069,3.30529633655304,7.69229646688392,121.64366521189,1104.16602159563,47.7517228429292,372.12240116361,12.4169575306686,45.0591966011673,10.9223343138298,329.076442868274,765.847688395226,2.68250151566896,1.59613734152071,8.39342298838218,0.762576690115987,0.0874912448106422,4.358142468955,0.201961172944943,32.9076442868274,20.5484794327947,10,1e-05,29.1478858306626,3.36439419764251,4.30579873115293,9.24461066990341,1.46425714079023,53.8753333492318,13.0593629379999,71.5383571420205
"48",0.47,0.525358251132022,4,1.22180837695521,11.0904188470902,0.479625859224645,3.73765697314498,0.124717902315935,0.45258176956405,0.109705693695034,3.44086989480141,7.69229527915354,119.391002857229,1083.71840726818,46.8674248835912,365.231261118171,12.1870137024731,44.2247674531474,10.7200711964658,336.230226596859,751.665207878782,2.63282560944661,1.56657903273112,8.23798760477697,0.748454896792686,0.0858710366296339,4.27743567871765,0.198221171712926,33.6230226596859,20.1679484056344,10,1e-05,29.1478913981307,3.36439450043049,4.30579943399014,9.24461171562659,1.464257231826,53.8753338489045,13.0593657774568,71.5383460961279
"49",0.48,0.515445335044364,4,1.22180837365424,11.0904186935778,0.479625846065947,3.737657030192,0.124717900946113,0.452581785176143,0.109705689330054,3.58166543395515,7.69229506089457,117.138229332389,1063.26985174858,45.9830883153802,358.339765718733,11.957058404491,43.3902976004874,10.5177951574985,343.384409569661,737.482114515662,2.58314716828219,1.53701943048425,8.0825458098012,0.734332410127236,0.0842507446158792,4.19672550053815,0.194480956994415,34.3384409569661,19.7874010885101,10,1e-05,29.1478918858992,3.36439448868272,4.3057996128558,9.24461170746169,1.46425723314282,53.875335707368,13.0593652578496,71.5383440663195
"50",0.49,0.50553341134588,4,1.22180839933585,11.0904199671574,0.479625939342511,3.73765678188251,0.124717903661335,0.452581765495368,0.109705664465171,3.72796859113822,7.69229664940752,114.885684071678,1042.82347810153,45.0988503351572,351.448931309634,11.7271265166508,42.5559079112295,10.3155374569943,350.537958343922,723.30061172426,2.53347365041364,1.50746308340657,7.92712189012751,0.72021131348281,0.0826306181289787,4.11602354458859,0.1907411030907,35.0537958343922,19.4068978018589,10,1e-05,29.1478852470954,3.36439411031911,4.30579861805906,9.24461045810178,1.46425706307596,53.8753333645686,13.059362297934,71.5383588394899
"51",0.5,0.495620991532334,4,1.22180840233273,11.0904201168529,0.47962595020566,3.73765674985896,0.124717903406541,0.452581765171386,0.109705659316661,3.88013067003172,7.69229683943171,112.633023879763,1022.37597275741,44.2145601550355,344.557772853307,11.4971828363622,41.7214783158875,10.1132715423852,357.691803051842,709.118264329954,2.4837976924239,1.47790501908453,7.77168831133091,0.706089520620119,0.0810104080820877,4.03531728756637,0.187001076850517,35.7691803051842,19.0263709855722,10,1e-05,29.1478845713732,3.36439401019492,4.3057985516222,9.24461023888856,1.46425700934444,53.8753333260018,13.0593616850554,71.5383606067149
"52",0.51,0.485708571748442,4,1.22180837649779,11.0904188247867,0.479625855103567,3.73765701370242,0.124717901381711,0.452581783520877,0.109705687938991,4.03850249694375,7.69229521518438,110.380361078818,1001.92833667113,43.330260364412,337.666641264836,11.2672389977927,40.8870504112314,9.91100869828412,364.84556204151,694.935752372831,2.43412178435075,1.44834665097794,7.6162526220843,0.691967746530829,0.0793902016783202,3.95461054679925,0.183261077390903,36.484556204151,18.6458386672514,10,1e-05,29.1478911058743,3.36439444780576,4.30579951570986,9.24461159257665,1.46425723461922,53.8753355103251,13.0593650922575,71.5383455012147
"53",0.52,0.475796151876413,4,1.22180836725515,11.0904183625179,0.479625820240926,3.73765710341797,0.124717898776848,0.452581795077816,0.109705693172715,4.20347369053794,7.69229463995996,108.127699821495,981.480778602905,42.4459662476833,330.775493232204,11.0372951133133,40.052621830366,9.70874367699532,371.999368803735,680.753339115406,2.3844458499742,1.41878848308185,7.46081803368861,0.677845957883448,0.0777699867668854,3.87390416901833,0.179521057525694,37.1999368803735,18.2653097333151,10,1e-05,29.1478937632886,3.36439438285905,4.30580004769844,9.24461188284488,1.46425717122921,53.8753368860632,13.05936571528,71.5383401516276
"54",0.53,0.465883732064976,4,1.22180837583376,11.0904187917349,0.47962585654991,3.73765696711357,0.124717902914892,0.452581780664781,0.109705685102113,4.37546558123012,7.69229522454802,105.875040156312,961.033299615401,41.5616784322459,323.88432532526,10.8073518241472,39.218190961574,9.50647748476588,379.153231617993,666.571028568592,2.33476988671103,1.38923050891551,7.30538519634668,0.66372412220754,0.0761497901454262,3.79319798388562,0.17578103519134,37.9153231617993,17.8847839030941,10,1e-05,29.1478920395953,3.36439461232732,4.30579864298135,9.24461224966305,1.46425694207072,53.8753351703355,13.0593647545556,71.5383455882966
"55",0.54,0.45597081650547,4,1.22180832535285,11.0904162786545,0.479625687671646,3.73765721452058,0.124717895278362,0.452581791740281,0.109705713259069,4.55494251084843,7.69229234265378,103.622262788724,940.584546869238,40.6773288549826,316.992845817587,10.5773960209828,38.3837205754504,9.30420427890977,386.307279180108,652.387712571822,2.28509158040454,1.35967037603741,7.14994000038984,0.649601617237362,0.0745294971636051,3.71248698297131,0.172040837123516,38.6307279180108,17.5042299773418,10,1e-05,29.14790836158,3.36439536290993,4.30580150950301,9.24461385875977,1.46425748448122,53.8753364887631,13.0593681063596,71.5383187866801
"56",0.55,0.44605839670957,4,1.22180832711796,11.0904163670666,0.47962569075546,3.73765724591819,0.124717895217121,0.452581794529848,0.109705712689531,4.74238877574794,7.69229240264861,101.369602607399,920.137041897567,39.7930383948727,310.101692132937,10.3474523749667,37.5492911945139,9.10193870206421,393.461114102347,638.205360603276,2.23541560758691,1.33011233698772,6.99450647303995,0.635479844356648,0.0729092755970474,3.63178061427415,0.16830081099267,39.3461114102347,17.1237029715622,10,1e-05,29.1479070197292,3.36439526695703,4.30580221755986,9.24461387866618,1.46425737151351,53.8753368208331,13.0593680385618,71.538319344632
"57",0.56,0.43614647257155,4,1.2218083754258,11.0904187712442,0.479625854495784,3.73765696815284,0.124717899906934,0.452581782249311,0.109705681427246,4.93834707675904,7.69229520664675,99.1170588366626,899.69074691402,38.908805174196,303.210857835675,10.117520612635,36.7149023053419,8.89968075145257,400.614734362422,624.023940186592,2.18574202355096,1.30055617244632,6.8390838593455,0.621358778867979,0.0712891575434338,3.55107892830135,0.164560961389249,40.0614734362422,16.7432021041278,10,1e-05,29.1478922405222,3.36439443003813,4.30579962799215,9.2446114589051,1.46425714484031,53.875335358958,13.0593643170993,71.5383454218147
"58",0.57,0.426233556416866,4,1.22180837289249,11.0904186559698,0.479625835685202,3.7376571524131,0.124717900770857,0.452581804594684,0.109705692702077,5.14343823505914,7.69229489660388,96.8642854150441,879.242196974791,38.0244683789938,296.319371537635,9.88756551735992,35.8804326984037,8.69740604608224,407.768910631993,609.84084320634,2.13606355518607,1.2709965807974,6.68364222308216,0.607236322540034,0.0696688692475188,3.47036855502505,0.160820761187463,40.7768910631993,16.3626546081511,10,1e-05,29.1478905873988,3.36439439134833,4.30579972570215,9.24461175307406,1.46425728365093,53.8753380189512,13.0593656592552,71.5383425384161
"59",0.58,0.416321139613275,4,1.22180837124794,11.0904185067717,0.479625842172268,3.73765692361228,0.124717898802008,0.452581774090781,0.109705682311931,5.35828533720114,7.69229497579928,94.6116255522983,858.79467490409,37.1401781594112,289.428199725439,9.65762178325306,35.046000952127,8.49513981088086,414.922747179943,595.658491965318,2.08638767006149,1.24143845293639,6.52820840749384,0.593114473486076,0.0680486640708939,3.38966216190056,0.157080732352957,41.4922747179943,15.9821279946368,10,1e-05,29.1478950658214,3.36439471412198,4.30579961238002,9.24461156539594,1.46425716409417,53.8753343877666,13.0593644224123,71.5383432749333
"60",0.59,0.406408717999303,4,1.22180837223933,11.0904185990672,0.479625841569911,3.73765701167268,0.124717902345267,0.452581780330567,0.109705688990146,5.58361284959267,7.69229497907923,92.3589648016841,838.347161715586,36.2558869508681,282.53704936491,9.42767836148861,34.2115716909217,8.29287480606705,422.076582841375,581.476127811131,2.03671167932617,1.21188037922367,6.37277477221978,0.578992703276121,0.0664284561592946,3.30895576335139,0.153340714879329,42.2076582841375,15.6016005528636,10,1e-05,29.1478928369858,3.3643945654793,4.30579966264022,9.2446120914763,1.46425723803095,53.8753351305507,13.0593652173869,71.5383433054368
"61",0.6,0.396496297351887,4,1.22180837287734,11.090418645611,0.479625841307467,3.73765706617721,0.124717898443721,0.452581791116049,0.109705692104861,5.82020672722467,7.69229497685756,90.1063042410083,817.899646806481,35.3715958558411,275.645896876931,9.19773440003861,33.3771428233101,8.09060953354864,429.230417593085,567.293764622032,1.98703570975613,1.18232227644627,6.21734110469006,0.564870935536153,0.0648082456568122,3.22824945135298,0.149600694702387,42.9230417593085,15.221073107326,10,1e-05,29.1478918975397,3.3643945414585,4.30579972908122,9.24461123160116,1.46425730643994,53.8753364144545,13.0593655881626,71.5383432847753
"62",0.61,0.386584373415828,4,1.22180837546977,11.0904187734893,0.479625851941535,3.73765701637916,0.124717901181995,0.45258178510489,0.109705686819525,6.06892100356023,7.69229515892295,87.8537566993254,797.45316219914,34.4873498571143,268.755082003959,8.96780245288523,32.5427545214395,7.88835378106594,436.383904365697,553.112125370381,1.93736223895785,1.15276568981379,6.0619153027142,0.55074983893695,0.0631881200578867,3.1475471906577,0.145860856478169,43.6383904365697,14.8405653037971,10,1e-05,29.1478914568448,3.36439448754552,4.30579956104724,9.24461160087917,1.46425725781446,53.8753356988861,13.0593649589963,71.5383449779834
"63",0.62,0.376671953587773,4,1.22180837607458,11.0904188037797,0.479625863520356,3.73765687129141,0.124717901190812,0.452581763684649,0.109705681204471,6.33073827885489,7.69229533923235,85.6010963142203,777.005647348284,33.6030596466389,261.863915892318,8.73785880093728,31.7083234178651,7.68608790616761,443.537749257745,538.929775818516,1.88768630390338,1.12320758878787,5.90648165526142,0.536628018685337,0.0615679137380643,3.06684078413535,0.142120830804357,44.3537749257745,14.4600386337707,10,1e-05,29.1478930932884,3.36439462895315,4.3057994605709,9.24461150377804,1.46425721875925,53.8753331490206,13.0593642905803,71.5383466548609
"64",0.63,0.366759533755107,4,1.22180837445774,11.0904187228611,0.479625852169927,3.73765698486998,0.124717894238837,0.452581786536933,0.109705687996098,6.60670752181818,7.69229514401375,83.3484357742822,756.558124789854,32.7187678288853,254.972767957983,8.50791467400353,30.873895413039,7.48382289823016,450.691572486661,524.747399977679,1.83801034084308,1.09364951134344,5.75104786199339,0.522506246542213,0.0599476990888725,2.98613453585313,0.138380814605254,45.0691572486661,14.0795105803924,10,1e-05,29.1478926245079,3.36439469641299,4.30579925373785,9.24461060537533,1.46425701232285,53.8753358693565,13.0593650990555,71.5383448393279
"65",0.64,0.356846618206137,4,1.22180837618565,11.090418812512,0.479625856969226,3.73765697740499,0.124717901400545,0.452581780342027,0.109705684086567,6.89802361704679,7.69229523953749,81.0956628076274,736.109591278642,31.8344329018461,248.081266946687,8.27796001008646,30.0394236664783,7.28154703975648,457.845770409154,510.564334899814,1.78833189290301,1.06408993218167,5.59560641565116,0.508383754043529,0.0583274145698948,2.90542414267416,0.134640601749582,45.7845770409154,13.6989645330103,10,1e-05,29.1478916133718,3.36439452303762,4.30579953727245,9.24461157852051,1.46425724250609,53.8753351319149,13.0593646336649,71.5383457276986
"66",0.65,0.346934694101711,4,1.22180837427798,11.0904187137858,0.479625850376014,3.73765699014374,0.1247178997476,0.452581781657912,0.109705685906023,7.20595535101862,7.69229512447916,78.8431149120736,715.663090450454,30.9501856691264,241.190456523071,8.04802775001712,29.2050358874421,7.07929179607058,464.999240267419,496.382674406935,1.73865842642672,1.03453330168991,5.44018036433843,0.494262671274354,0.0567072853475616,2.82472181445196,0.130900767460666,46.4999240267419,13.3184559999246,10,1e-05,29.1478922576674,3.36439458075117,4.30579971173406,9.24461142487581,1.46425722892688,53.8753352885578,13.059364850253,71.5383446576562
"67",0.66,0.337021780977792,4,1.22180837480256,11.0904187205812,0.479625853268165,3.73765694435973,0.124717899546943,0.452581779130573,0.109705681227589,7.53203343673921,7.69229517870603,76.5903424150543,695.214556433951,30.065850824486,234.298954813416,7.81807264427232,28.3705646067671,6.87701595715093,472.153434121548,482.199609893797,1.68898000834569,1.00497373154607,5.28473884617869,0.480140166809535,0.0550869992148508,2.74401151470005,0.127160557207914,47.2153434121548,12.9379099258085,10,1e-05,29.1478930695006,3.3643945135193,4.3057994713235,9.24461135771326,1.46425721765537,53.8753349877034,13.0593642933322,71.5383451619661
"68",0.67,0.327109854428145,4,1.2218084727569,11.0904236375439,0.479626216958673,3.73765595057364,0.124717913742367,0.452581684960293,0.109705593333477,7.8778456707014,7.69230134490889,74.3378000492403,674.76835626196,29.1816259337248,227.408081464402,7.58814130124566,27.5361708096623,6.67475520373966,479.307296802397,468.018328606006,1.63930639809361,0.975417755857963,5.12931809427017,0.466019045471274,0.0534668792163651,2.66330985779838,0.12342067912402,47.9307296802398,12.5574141175812,10,1e-05,29.1478672203933,3.36439334512997,4.30579557455093,9.24460697320308,1.46425677209951,53.8753237776732,13.0593538304171,71.5384025076527
"69",0.68,0.317197434595724,4,1.22180844804207,11.090422401821,0.479626127193508,3.73765617749195,0.124717909581499,0.45258171026859,0.109705609868824,8.24528086700876,7.69229981919324,72.0851379832571,654.320757405945,28.2973289426205,220.516940867643,7.35819737993509,26.7017428842384,6.47249087007398,486.461040567767,453.8358649948,1.5896304802142,0.945859483117611,4.97388294938037,0.451897261344335,0.0518466683461528,2.58260339995773,0.119680665325597,48.6461040567767,12.1768833540344,10,1e-05,29.1478740009859,3.36439367579599,4.30579658484761,9.2446079632229,1.46425686854496,53.8753267903729,13.0593557987849,71.5383883184971
"70",0.69,0.307284518824087,4,1.22180832320173,11.090416159917,0.479625668374572,3.73765740822567,0.124717892236188,0.452581823268437,0.10970572154276,8.63643467043262,7.69229202242807,69.8323575803971,633.871853946171,27.412966946322,213.625512028159,7.12824121584653,25.867278129232,6.27022179331205,493.614737003076,439.652339014508,1.53995219420465,0.916299120862398,4.81843518473947,0.437774801364211,0.0502263706734615,2.50189217558841,0.115940508012915,49.3614737003076,11.7963217528279,10,1e-05,29.1479069263632,3.36439534737318,4.30580151588165,9.24461361557636,1.46425745252983,53.8753402418748,13.0593690924502,71.538315808581
"71",0.7,0.297372594935584,4,1.22180837557439,11.090418778592,0.47962585582763,3.73765696424228,0.124717901223318,0.452581778416349,0.109705683656357,9.05363632044071,7.69229521774935,67.5798128514972,613.425509666873,26.5287308742932,206.734675581056,6.89830958143582,25.032887723491,6.0679642720216,500.768418675525,425.470868923763,1.49027865107321,0.886742833180888,4.66301179519821,0.423653714539075,0.0486062470223557,2.42119014237808,0.112200657054009,50.0768418675525,11.4158196170706,10,1e-05,29.1478920720461,3.3643945538564,4.30579954326177,9.24461155534559,1.46425726576163,53.8753349026822,13.0593645824527,71.5383455250689
"72",0.71,0.287460175104745,4,1.22180837457038,11.0904187284383,0.479625852324566,3.73765697148324,0.124717901129978,0.452581778814755,0.1097056845135,9.4996281833346,7.69229515778308,65.3271523695105,592.977989997095,25.6444396578807,199.843520115752,6.66836592373866,24.198458154039,5.86569884212402,507.922249268108,411.288503420549,1.4406026974388,0.857184732481971,4.50757802398231,0.409531923961681,0.0469860388094376,2.34048379579088,0.108460635509879,50.7922249268108,11.035292192597,10,1e-05,29.1478923660751,3.36439457151005,4.30579958298637,9.24461160488298,1.46425727286726,53.8753349501085,13.0593646844871,71.5383449673827
"73",0.72,0.277547755270753,4,1.22180837319043,11.0904186594651,0.479625847209506,3.73765698478036,0.124717900994026,0.45258178040313,0.109705685220479,9.9774765719737,7.69229507169128,63.0744918711025,572.530469534219,24.7601483708867,192.952364934198,6.43842226411278,23.3640286442833,5.66343340124939,515.076078002116,397.106136785243,1.39092674386657,0.827626633833005,4.35214423379641,0.395410133000332,0.0453658299471147,2.2597774552156,0.10472061377381,51.5076078002116,10.6547647230845,10,1e-05,29.1478927311234,3.36439458089352,4.30579965125773,9.24461171041631,1.46425725195527,53.8753351391886,13.0593647686459,71.5383441667289
"74",0.73,0.267635335440826,4,1.22180837407529,11.0904187036786,0.479625850832118,3.73765697174169,0.124717901070266,0.452581778677642,0.109705684657974,10.4907213332469,7.69229513160372,60.8218314914497,552.082954968511,23.8758575380795,186.061208395438,6.20847861564543,22.5295989640481,5.46116789465564,522.229916485398,382.923777741327,1.34125078824464,0.798068540703841,4.19671055520838,0.381288342550432,0.0437456224036456,2.17907111713404,0.100980591702223,52.2229916485398,10.2742375174276,10,1e-05,29.1478925525148,3.36439458607636,4.30579960185727,9.2446116227409,1.46425727774532,53.8753349337865,13.0593647016852,71.5383447239146
"75",0.74,0.257722915610635,4,1.22180837504744,11.0904187523827,0.479625854586272,3.73765695970014,0.124717901206589,0.452581777575452,0.109705683544288,11.0434464680417,7.69229519495704,58.5691711126577,531.635440454487,22.9915666981962,179.170051952372,5.97853496977105,21.695169320032,5.25890236370904,529.383755316864,368.741418641053,1.29157483236422,0.768510451198999,4.04127687245547,0.367166551603541,0.0421254142856407,2.0983647859074,0.0972405693356628,52.9383755316864,9.89371030426312,10,1e-05,29.1478923249433,3.364394577326,4.30579956310572,9.24461157396575,1.46425727582585,53.8753348025818,13.0593645691121,71.5383453131004
"76",0.75,0.247810495781547,4,1.22180837494069,11.0904187469846,0.479625854418858,3.73765695747341,0.124717901206989,0.452581777196608,0.109705683479272,11.6403895151388,7.69229519158607,56.3165106808024,511.187923269429,22.1072756638125,172.278896006867,5.74859131715447,20.860739713514,5.05663688522762,536.537589611655,354.559056233241,1.24189887769416,0.738952355939413,3.88584314368008,0.353044760805823,0.0405052061066901,2.01765844661728,0.0935005473974757,53.6537589611655,9.51318298234403,10,1e-05,29.1478923934498,3.36439458380712,4.30579956689657,9.24461157699042,1.46425727843586,53.8753347574842,13.0593645613725,71.5383452817504
"77",0.76,0.237898075943215,4,1.22180851769849,11.0904258847054,0.479626395069829,3.73765532000066,0.124717916888653,0.452581633623723,0.109705531886234,12.2870924459214,7.69230434684272,54.0638565688594,490.740722161379,21.2230085599168,165.387667705077,5.51864835820291,20.0263037714157,4.85436470182755,543.692071238729,340.377099085134,1.19222281138932,0.709394938144429,3.73041491059423,0.338922908768524,0.038885005508237,1.93695297867942,0.089760470257185,54.3692071238729,9.13266927842306,10,1e-05,29.1478579486934,3.36439297222335,4.30579368268201,9.24460432280661,1.46425646646675,53.8753176665679,13.0593465157373,71.5384304256373
"78",0.77,0.227985656116959,4,1.22180837445951,11.0904187228771,0.479625852935558,3.73765695814523,0.124717901235291,0.452581776808917,0.109705683861086,12.9899998498254,7.69229516550774,51.8111898054644,470.29288838133,20.3386935476235,158.496584353371,5.28870401293436,19.1918805198189,4.65210595055826,550.845256802225,326.194330625768,1.14254696818814,0.679836165769858,3.57497567729199,0.324801179326347,0.0372647895529197,1.85624576544744,0.0860205037266296,55.0845256802225,8.75212830969615,10,1e-05,29.1478925613242,3.36439459894737,4.3057995864679,9.24461162225058,1.46425727399773,53.8753347113335,13.0593646068237,71.538345039222
"79",0.78,0.218073236276687,4,1.22180837472162,11.0904187361189,0.479625853984224,3.73765695456399,0.124717901267802,0.45258177632913,0.109705683658083,13.7568239573999,7.69229518267593,49.5585293877036,449.845372013525,19.4544025655375,151.605428360333,5.05876036130571,18.3574509117738,4.4498404660272,557.999092557866,312.011969107998,1.09287101275599,0.650278077835105,3.41954196399047,0.310679387512952,0.0356445805650788,1.77553942757064,0.0822804817489208,55.7999092557866,8.3716010111204,10,1e-05,29.1478924889542,3.36439460240234,4.30579958085854,9.24461167375585,1.46425721812537,53.8753346542196,13.0593645826582,71.5383451988861
"80",0.79,0.208160320646001,4,1.22180837802233,11.0904189031568,0.479625862416107,3.73765697580899,0.124717891652827,0.452581787063952,0.109705689724951,14.5967232130193,7.69229534333636,47.3057564151006,429.396838826205,18.5700676357812,144.713928666144,4.8288048349147,17.5229800039617,4.2475651082696,565.153296698964,297.828903722111,1.04319257117092,0.620718553671051,3.26410049194982,0.296556889345634,0.034024284781089,1.69482908094136,0.0785402765496027,56.5153296698964,7.99105487472233,10,1e-05,29.1478917685617,3.36439437776206,4.3057989949278,9.24461023804091,1.46425668313983,53.8753359320929,13.0593653048582,71.5383466930282
"81",0.8,0.198248396622983,4,1.22180837461883,11.0904187309282,0.479625854002042,3.73765694868175,0.12471790101426,0.452581774974966,0.10970568335287,15.5205193392779,7.69229518441433,45.0532085322611,408.950338018829,17.6858205154791,137.823116479741,4.59887304656455,16.6885916887002,4.04530950347517,572.30676172082,283.647244718916,0.99351910318786,0.591161876928005,3.10867450349831,0.282435809928396,0.0324041649247603,1.61412674273628,0.0748004375243658,57.230676172082,7.61054640424333,10,1e-05,29.1478926089054,3.36439458631594,4.30579972878295,9.24461147398715,1.46425734765863,53.87533449302,13.0593645463257,71.5383452150533
"82",0.81,0.188335481928622,4,1.22180837580097,11.0904187772054,0.479625858903894,3.73765691309693,0.12471790043092,0.452581772753711,0.109705680906275,16.5416599813981,7.69229526978826,42.8004356862477,388.501801926309,16.8014855144695,130.931615378224,4.36891789419768,15.8541203687645,3.84303384478511,579.460959836257,269.464177439747,0.943840670804702,0.561602311756559,2.95323302505231,0.268313309514048,0.0307838766205185,1.53341639598913,0.0710602286023375,57.9460959836257,7.23000020706554,10,1e-05,29.1478929325716,3.36439454528727,4.30579944793703,9.24461133662599,1.4642572926387,53.8753342286017,13.059364255083,71.5383460090308
"83",0.82,0.178423556965467,4,1.22180837463372,11.0904187316952,0.479625854677368,3.7376569405709,0.124717901328727,0.4525817748908,0.109705682406688,17.6761470439618,7.6922951927929,40.5478876806161,368.055304252263,15.9172384867697,124.040804565918,4.13898575245517,15.0197325174395,3.64077852182447,586.614431399261,255.282520531923,0.894167193455906,0.532045693570696,2.79780706082009,0.254192226067433,0.0291637486642184,1.45271407999821,0.0673203937383985,58.6614431399261,6.84949175673295,10,1e-05,29.1478927101171,3.36439461842169,4.30579957529935,9.24461159715504,1.46425728930693,53.8753344830009,13.0593644336921,71.5383452929739
"84",0.83,0.168511137133946,4,1.22180837270248,11.0904186350572,0.479625842526107,3.7376570330642,0.12471790266962,0.452581780416649,0.109705692256697,18.9441628443736,7.69229499511082,38.2952271933598,347.607784320209,15.0329470788596,117.149651655651,3.90904214156622,14.1853031063254,3.43851335711713,593.768250669823,241.100152084034,0.844491234082511,0.502487597663115,2.6423732765967,0.2400704420551,0.0275435399520179,1.37200769933784,0.0635803748091317,59.3768250669823,6.46896422305189,10,1e-05,29.1478921575546,3.36439456441922,4.30579973469731,9.24461202911038,1.46425731290129,53.8753351407979,13.0593656062372,71.5383434545306
"85",0.84,0.158598717289143,4,1.22180860421953,11.0904302129686,0.47962674904,3.73765394333947,0.124717924295315,0.452581489889484,0.109705426907396,20.3707216385237,7.69231029071456,36.0425735967822,327.160609108853,14.1486828146069,110.258404521689,3.67909912381347,13.3508649403423,3.23624003761377,600.923279915073,226.918241388117,0.794815186535419,0.472930246445958,2.48694555945193,0.225948541077249,0.0259233377066287,1.29130224971127,0.0598402874777906,60.0923279915073,6.08845230373193,10,1e-05,29.1478420007245,3.36439247706553,4.30578991446864,9.24459986868626,1.46425545249837,53.8753005564441,13.0593340190564,71.5384857036454
"86",0.85,0.148685802293712,4,1.22180837921771,11.0904189514597,0.479625866126633,3.73765697159409,0.124717902283398,0.452581780021413,0.10970568347005,21.9874891363709,7.69229539122504,33.7897939950488,306.711738160238,13.264321547289,103.366993746748,3.44914333321961,12.516402222276,3.03397202670392,608.076308055798,212.73473078076,0.745136839495047,0.44336994665468,2.33149822708252,0.211826155519932,0.0243030437111725,1.210591051616,0.0561001419612686,60.8076308055798,5.70789092677245,10,1e-05,29.1478905965837,3.36439453348226,4.30579934201099,9.24461142244702,1.46425734812449,53.8753350937491,13.0593645602747,71.5383471383929
"87",0.86,0.13877387769131,4,1.22180837455962,11.0904187277134,0.479625854994926,3.73765693300987,0.124717901243888,0.452581774138174,0.109705681824486,23.8350832976107,7.69229519654927,31.5372459836039,286.26523664411,12.38007439139,96.4761811696876,3.21921113980332,11.6820141651395,2.83171661410886,615.229769780694,198.553071695477,0.695463373453858,0.41381331593059,2.17607215988082,0.197705064429337,0.0226829158005114,1.12988873012926,0.0523603061077216,61.5229769780694,5.32738248410675,10,1e-05,29.1478928397856,3.36439463556638,4.30579957215103,9.24461156467301,1.4642573031156,53.8753343934082,13.0593643643868,71.5383453279083
"88",0.87,0.128861457819747,4,1.22180837404265,11.0904187022764,0.479625853055727,3.73765693577361,0.124717903555763,0.452581773561796,0.109705682319052,25.967022665938,7.69229516328289,29.284585535525,265.817719056049,11.4957833137009,89.5850254127408,2.98926754152579,10.8475845650304,2.62945115278221,622.383601650638,184.370708581998,0.645787418179311,0.384255231692597,2.02063842417055,0.183583269011675,0.0210627077181986,1.04918239802933,0.0486202847912131,62.2383601650638,4.94685511987419,10,1e-05,29.1478929484927,3.36439464612825,4.30579925502971,9.24461225081946,1.46425713240859,53.8753343247962,13.0593644232599,71.5383450185309
"89",0.88,0.0145982807483041,-1,1.03069310117111,1.53458510890514,0.0819315666732034,0.525102310983993,0.0203685454210178,0.0504750083145861,0.0285763961180851,31.9333216721478,1.05947940237921,2.79862058965991,4.16682859086533,0.222467162314551,1.42579991806294,0.0553063084752521,0.137053791639772,0.0775929231150192,86.7079166692409,2.87678346391376,0.121580023004805,0.00496118131026997,0.0267602009226758,0.0040578708109275,-0.00125194898299272,0.265562353137012,0.0287429941187448,8.67079166692409,0.731954100881121,10,1e-05,161.355203563206,3.41548127066385,0.0650049973881597,0.722526289946308,1.17860646570291,6.00854498976832,3.40173419389685,9.85315844212665
"90",0.89,0.109036617988398,4,1.22180859803496,11.0904299004594,0.479626728205552,3.73765397114861,0.124717925195619,0.452581493365178,0.10970542668849,31.3938380084456,7.69230993598193,24.7792691887511,224.92291211933,9.72721899930951,75.8026535698402,2.52938066245001,9.17871970452599,2.2249150184022,636.692493513671,156.006283548471,0.546435444176495,0.325139510190712,1.70977495784444,0.155339624590061,0.0178222978368369,0.887770297774109,0.04114019729381,63.6692493513671,4.18581072355839,10,1e-05,29.1478440832432,3.36439256067427,4.30579012402418,9.244599960364,1.46425590866643,53.8753009701908,13.0593339929979,71.538482404632
"91",0.9,0.0991241982936183,4,1.22180837237519,11.0904186188809,0.479625844513711,3.73765697488151,0.124717906203091,0.452581774618825,0.109705684819758,34.9211678373339,7.69229503396163,22.5266042207026,204.475166906717,8.84291008120774,68.9115587104926,2.29943661853466,8.3442958362793,2.02265477841802,643.845094355586,141.823619559973,0.496759551858266,0.29558093857338,1.55433720032394,0.141217901696651,0.0162020837730536,0.807063371543004,0.0374002192997994,64.3845094355586,3.80527311321647,10,1e-05,29.147893026799,3.36439450053845,4.30579948296121,9.24461267692106,1.46425732491769,53.875334450625,13.0593647209439,71.5383438158431
"92",0.91,0.0892117783159026,4,1.22180872845871,11.0904364217832,0.479627238927492,3.73765222658572,0.124717939760778,0.452581324760433,0.109705278825378,39.2325431587716,7.6923185547421,20.273949673551,184.027945320533,7.95864219790502,62.0203239459795,2.06949351007556,7.50985877548681,1.82038256072563,651.00091940719,127.641647681218,0.447083515588288,0.266023462618356,1.39890868531159,0.127096022913665,0.0145818834728592,0.726357783462953,0.0336601409719203,65.100091940719,3.42475912404291,10,1e-05,29.1478157788715,3.36439136959157,4.30578462507375,9.24459327238462,1.46425510840974,53.8752808994819,13.059316391373,71.5385625591015
"93",0.92,0.0792993586482638,4,1.22180891857441,11.0904459287915,0.479627987516336,3.7376496358977,0.124717957119719,0.452581082418343,0.109705056602505,44.6217018439921,7.69233116961123,18.0212914358644,163.580536365413,7.07435967476334,55.1291387300204,1.83955004614185,6.67542646041277,1.61811455700332,658.155854872208,113.459428656401,0.397407533856552,0.23646560530428,1.2434768713567,0.112974194461129,0.0129616772742461,0.645651739293061,0.0299200981564577,65.8155854872208,3.04423667046123,10,1e-05,29.147775296958,3.36438982517716,4.30577625047928,9.24458321938859,1.46425354130733,53.8752520510796,13.0592899379622,71.5386798773844
"94",0.93,0.0693869388531503,4,1.22180915493565,11.0904577460244,0.479628901739383,3.73764662155638,0.124717978597748,0.452580797550313,0.109704799154518,51.5506411885937,7.69234664114395,15.7686330650155,143.133121906693,6.19007651755812,48.2379575107387,1.60960656840218,5.84099447938644,1.41584691549469,665.311060966817,99.2771998008902,0.347731547852882,0.206907730617767,1.08804489729384,0.098852378706573,0.0113414704179589,0.564945646393436,0.0261800582830471,66.5311060966817,2.66371393639159,10,1e-05,29.1477226191268,3.36438720835877,4.30576659952291,9.24457046261792,1.46425191881229,53.8752181403892,13.0592592913538,71.5388237626387
"95",0.94,0.0594740919044609,4,1.22180864565982,11.09043209048,0.479626905454013,3.73765330739732,0.124717930491394,0.452581426260409,0.109705372066701,60.7893052092704,7.69231290899862,13.5158685007845,122.684368198146,5.3057196857973,41.3465977538759,1.37965233279336,5.00653769717743,1.2135806928117,672.462302817352,85.0937584328239,0.298053554064731,0.177347602149919,0.93259825872722,0.0847300849219306,0.00972118414014985,0.484234925170458,0.0224399413260093,67.2462302817352,2.28315422145159,10,1e-05,29.1478361173322,3.36439235002179,4.30578832317935,9.24459787450177,1.46425552455996,53.8752929820391,13.0593274908201,71.5385100536872
"96",0.95,0.0495616158062544,4,1.22180879634146,11.090439825469,0.479627516375301,3.73765116540567,0.124717950234471,0.45258122161044,0.109705184366107,73.723492219433,7.69232320384507,11.2631961764538,102.236781901924,4.42142733358632,34.45538978044,1.14970750286158,4.17210213254423,1.01131291310835,679.617103893135,70.9113779152899,0.24837730264808,0.147789438150183,0.777164490106456,0.0706081989481432,0.00810096827245712,0.403528256855861,0.0186998882943159,67.9617103893136,1.90262686317014,10,1e-05,29.1478024490449,3.36439109089503,4.30578193018706,9.24459033138753,1.4642546040454,53.8752686205068,13.0593051469413,71.5386057957592
"97",0.96,0.0396491836987891,4,1.22180895975474,11.0904479865414,0.479628168097613,3.73764878674757,0.124717961599211,0.452580997370805,0.109704984354843,93.1248008967976,7.69233419701535,9.01053338756647,81.7892609707655,3.53713695398697,27.5642185425998,0.919763558817333,3.33767088122054,0.809046632388581,686.771954806674,56.7290275268886,0.198701283740282,0.118231349064492,0.621730931076126,0.0564863813802944,0.00648075890461112,0.322821880356812,0.0149598571700551,68.6771954806674,1.52210010988269,10,1e-05,29.1477702913813,3.36438962746483,4.3057746652353,9.24458061895143,1.46425350455205,53.8752419270207,13.0592813376005,71.5387080322427
"98",0.97,0.0291138119595159,4,1.19596534897186,9.79826745058824,0.379440315434203,4.06454620978709,0.122703564830764,0.476866100866277,0.142807349050776,100,6.00284781718264,6.47635451209182,53.0592743918976,2.0547334427744,22.0102047337658,0.664460543463596,2.58231053823083,0.773325933046432,541.516902446995,32.5064355582145,0.147880096143008,0.0732746986654572,0.342590046390344,0.0435303280673166,0.0045386125878192,0.21846204359129,0.0125073279708104,54.1516902446996,0.832011301683005,10,1e-05,34.9172730929974,3.58411703100342,5.55893831078171,10.7249073174284,1.62235206244263,56.7661406471217,16.9997868310044,55.8264846997986
"99",0.98,0.0165693378964793,4,1.1528894398802,7.64447199326682,0.223866535208734,4.41309389544817,0.125096853624371,0.45689042091562,0.20925423170241,100,3.38149752967074,3.55308633171837,23.5594741463696,0.689933569399294,13.6007001695982,0.385535598972882,1.4080891484417,0.644899957270247,308.189684874515,10.4214265807318,0.0868380701369636,0.0308396762442991,0.106549921112064,0.0255809336638605,0.00240318251926012,0.10135109010231,0.00887411516200443,30.8189684874515,0.266521549545568,10,1e-05,46.5098916026042,3.90166311769912,8.78781810405171,14.2112808738177,1.84355983100471,54.3882357057954,24.9096237418549,31.4479270259379
"100",0.99,0.00372457215185917,4,1.09990193046668,4.99509652317264,0.064740370840117,4.21350778225432,0.172317210653921,0.258708348924563,0.250152640808118,100,0.752438438403347,0.761979522598572,3.46045511752667,0.0448502139137772,2.9189935570213,0.119376266440302,0.179225491605568,0.173298350098238,69.2770420245806,0.521267093181785,0.0205277554107605,0.00442049627686619,0.0062767504238513,0.00526576181105237,0.000546472937803618,0.0118212093875691,0.00218519902111227,6.92770420245806,0.0189296294240624,10,1e-05,63.8791300808448,3.64449600368041,22.2062197529597,26.5859080741354,2.11175639404989,30.79664185598,29.7781703617984,6.99767747715113
"101",1,1.36361381013293e-12,-1,1.11740366616361,5.85577758019872,0.000375940340267357,5.51216033490439,0.603455154924013,5.79410310355688e-09,0.42875546660158,19.7957507844175,5.47084801302855e-11,2.83409515145338e-10,1.48521356700119e-09,9.53505637980829e-14,1.39806117987972e-09,1.53055639647354e-10,1.46957093573802e-18,1.0874617882959e-10,5.02083920219413e-09,1.38758304608894e-20,6.08866070330639e-12,1.90671196637513e-12,1.27146097891448e-14,2.87728331133898e-12,-5.75827741453712e-12,1.02546154428411e-19,1.45069885901624e-12,5.02083920219413e-10,1.2715285440726e-13,10,1e-05,24.8980091048754,0.0699249026791818,2.80856955405782,83.1397879085295,24.0982464034597,6.89730033447411e-07,51.0390507442521,5.08788865211655e-10
