"","convergence","mu","x_C","x_W","C","AA","NT","ATP","ADP","RNA","DNA","P","tau TC","tau ATPS","tau EAA","tau ENT","tau ADPS","tau RNAP","tau DNAP","tau Q","tau R","v TC","v ATPS","v EAA","v ENT","v ADPS","v RNAP","v DNAP","v Q","v R","p TC","p ATPS","p EAA","p ENT","p ADPS","p RNAP","p DNAP","p Q","p R","q TC","q ATPS","q EAA","q ENT","q ADPS","q RNAP","q DNAP","q Q","q R"
"1",4,1.09568847859374,10,1e-05,24.6514896862755,12.9683649709634,8.09803886388183,15.6301052353208,2.39803872344412,61.8282129672235,20.3513190171273,143.074430645955,0.0169491525423729,0.00106811673677388,0.0890983332601861,0.00251134873388184,0.00228583252934561,0.12633119926866,0.0219358356144569,0.1,0.0154843121495834,397.250373661269,4029.82016134719,202.327294373042,1025.95409727106,45.3659031437049,105.850719687855,34.8417277675814,486.453067428823,3135.30010480264,6.73305718069948,4.30431836052376,18.027024701681,2.57652852320256,0.103698857129023,13.3722483616175,0.764282412833322,48.6453067428823,48.5479655053856,1.2545251628074,12.7262581213062,0.638953916076501,3.23998494714917,0.143266490859968,0.334278833084037,0.110030920291562,1.53622917453735,9.90134468138094
"2",4,1.09391665363896,8,1e-05,24.6097506266492,12.9601258015477,8.08220782722242,15.6100495164813,2.39451274299878,61.794673039456,20.3126627398621,143.236018377867,0.0173343605546995,0.00106859714898209,0.089123814966991,0.00251226104313579,0.00228632465495089,0.126442768779226,0.0219552082671152,0.1,0.0154907353151751,396.660477233066,4025.92817981019,202.20321653295,1023.53554591612,45.2889576166273,105.622221787555,34.7193125795105,487.002464896698,3133.76531808969,6.87585573015715,4.30209537495182,18.0211220560131,2.57138847826979,0.103545260395921,13.3551661674319,0.762269738574226,48.7002464896698,48.544329082403,1.25469120368248,12.7345600678469,0.639596359359819,3.23758256702428,0.143255151463309,0.334097496969377,0.109821922252715,1.54045523552009,9.91252722338178
"3",4,1.09171236793101,6.4,1e-05,24.557966581495,12.9498632408573,8.06256910152891,15.5851509067313,2.39013484895289,61.7528177475789,20.2646708735537,143.43682656196,0.0178158705701079,0.00106919564536667,0.0891555495350535,0.00251339731098079,0.00228693783260323,0.126581903053595,0.0219793671968854,0.1,0.0154987557061552,395.926275865374,4021.07008416251,202.04763495242,1020.53035216493,45.1932812647556,105.337992015034,34.5674872261092,487.685213452798,3131.83515148934,7.05377128612232,4.29931062370074,18.0136679264409,2.56499824290561,0.103354224703848,13.3338834931074,0.759771494816299,48.7685213452798,48.539547924883,1.2548974931166,12.7448746795918,0.640394654377887,3.23459456632939,0.143241150744285,0.333871203220042,0.109562450657189,1.54572956910808,9.92642398352664
"4",4,1.08897325658661,5.12,1e-05,24.4938511816244,12.9370953999889,8.0382518674502,15.5543019680383,2.38471029109077,61.7005890889374,20.2051752821249,143.68602473365,0.0184177580893683,0.00106994042491014,0.0891950269868699,0.00251481091892668,0.0022877012386459,0.126755340542123,0.0220094824515473,0.1,0.0155087693666143,395.013436228792,4015.00826395029,201.852436844721,1016.80145847471,45.0744811712539,104.984830364832,34.3795242607481,488.532490418065,3129.40476560372,7.27526191051199,4.29581964794868,18.0042335517303,2.55706341015276,0.103116946406799,13.3073879246512,0.756675535909478,48.8532490418065,48.5332167645319,1.2551534124409,12.7576706544149,0.641385207890548,3.23088204938988,0.14322396067392,0.333588825091574,0.109240783315987,1.55230978543558,9.94366953174045
"5",4,1.08557445631508,4.096,1e-05,24.4146383371648,12.9212258472746,8.00821040147832,15.5161603971892,2.37800375896333,61.6354593477784,20.131572822653,143.994729180707,0.0191701174884438,0.00107086629175973,0.0892440866401247,0.0025165677673028,0.00228865075076994,0.126971378703873,0.0220469947812809,0.1,0.0155212664791958,393.879982688792,4007.44823562746,201.60735253518,1012.18304842402,44.9272057152445,104.546687923742,34.147376908936,489.582081096013,3126.33999685167,7.55072554449034,4.29144123150546,17.9922640369357,2.54722723427419,0.10282268309019,13.2744371046011,0.752847040505744,48.9582081096013,48.5247561957029,1.25547032409034,12.773516188391,0.642612113716688,3.22627662154565,0.143202945056381,0.333236696300705,0.108842846143236,1.56051538802894,9.9650331612946
"6",4,1.08136454540078,3.2768,1e-05,24.3170462153634,12.9015290526038,7.97119995071543,15.4691207916363,2.36973179026171,61.5542892033342,20.0407393579435,144.376344070926,0.0201105667372881,0.00107201587043714,0.0893049687760947,0.00251874821848372,0.00228983036953961,0.127240270406347,0.0220936844685292,0.1,0.0155368573747451,392.47486928342,3998.02575973,201.299407706403,1006.47546240897,44.7449852105607,104.004103065362,33.8614765707781,490.879574386831,3122.46919345765,7.89289205143266,4.28594706484706,17.9770373198667,2.53505827789018,0.102458426019743,13.2335101974062,0.748124778993265,49.0879574386831,48.5133585157867,1.25586189797737,12.7930948239927,0.644128518815621,3.2205735536555,0.14317737630973,0.332797843876158,0.108351748258777,1.57074249134303,9.99144249625782
"7",4,1.07616135639316,2.62144,1e-05,24.1972236239311,12.8771278784892,7.92575863308256,15.4112908108289,2.35956172933506,61.4532090364281,19.9289768363588,144.846851289584,0.0212861282983436,0.0010734408897112,0.0893803908700255,0.0025214497898194,0.00229129376885688,0.127574619002329,0.0221517399281611,0.1,0.0155562978842428,390.736463811058,3986.29159938661,200.912168147856,999.440993185696,44.5200755206675,103.333701236492,33.5106167870996,492.479296673263,3117.57167906155,8.31726649952328,4.27904840109386,17.9576081195997,2.52004028220496,0.102008571629543,13.182757565346,0.742318467900099,49.2479296673263,48.4978737149606,1.25634439344197,12.8172197001197,0.64599774887886,3.21352677484457,0.143146474558489,0.332251346433975,0.107747495871317,1.58348058235201,10.0240035494522
"8",4,1.06974774412985,2.097152,1e-05,24.0507008285189,12.8469600182743,7.87019618365915,15.3404663876746,2.34710535821571,61.3274742244043,19.7919701429533,145.425126606825,0.0227555802496629,0.00107520408368102,0.0894736407233416,0.00252479047454804,0.00229310607457227,0.127989855768019,0.022223840608642,0.1,0.0155805222797573,388.590989827286,3971.69460203185,200.424847851413,990.8001036282,44.2432972368929,102.507698757403,33.0818990817337,494.445439270587,3111.36402254896,8.84261345331076,4.27038225523851,17.9327408286877,2.50156266382169,0.101454573653026,13.1199455790715,0.73520685222363,49.4445439270587,48.4766764737594,1.25693698211648,12.8468491489858,0.648294505005066,3.20484345941383,0.143109433732726,0.331571551818795,0.107006758990881,1.5993339385822,10.0640226025484
"9",4,1.06186803336018,1.6777216,1e-05,23.872410143106,12.8097603704249,7.80259674858102,15.2541273651961,2.33191851250486,61.1712945031385,19.6247656952418,146.133127777962,0.0245923951888121,0.00107738078301023,0.0895886521225469,0.0025289115622572,0.00229534580022218,0.128504806455676,0.0223132553668285,0.1,0.0156106816027992,385.951105888663,3953.56215311811,199.811191455187,980.229183526594,43.9039143897455,101.493503425225,32.5607989905638,496.852620042178,3103.48194004714,9.49146211957307,4.25949188820602,17.9008153214703,2.47891291588233,0.100774665507816,13.0424030141671,0.72653742282442,49.6852620042178,48.4474684261135,1.25766188704832,12.8830941593096,0.651105583750795,3.19417891511242,0.143065478962881,0.330727154536865,0.106102755705244,1.61904602467289,10.1130192233884
"10",4,1.05222546313338,1.34217728,1e-05,23.6567348481212,12.7640348087024,7.72084219365672,15.1494556800581,2.31350652757191,60.9776414173414,19.4217996574971,146.995984748812,0.0268884138627486,0.00108006066123552,0.0897300964604342,0.00253398093953428,0.00229810691587487,0.129142329713766,0.0224239533216551,0.1,0.0156481908523929,382.71474719468,3931.07942367738,199.038144195317,967.360761792303,43.489573111542,100.253479658037,31.9314252179588,499.786351286739,3093.45836262133,10.2905925139477,4.24580424170634,17.8597118779516,2.45127373203506,0.0999436887360805,12.9469679249505,0.71602878858143,49.9786351286739,48.4070268522294,1.25854441661105,12.9272208510091,0.654530160924834,3.18113293131871,0.143013980573075,0.329680154721785,0.105005404722627,1.6435304009604,10.1727325085683
"11",4,1.04048238337207,1.073741824,1e-05,23.397665869185,12.70805203558,7.62267034166008,15.0233877653614,2.29132781947481,60.7380787467917,19.1769915389836,148.041825773194,0.0297584372051692,0.00108334959370036,0.0899034466465815,0.00254019558411676,0.00230150075809125,0.129930030907686,0.0225607278001938,0.1,0.0156947785058566,378.76481559192,3903.27034558032,198.064398333091,951.788570873419,42.986351138872,98.7451577123469,31.1770654099806,503.342210253544,3080.6982343849,11.2714489803196,4.22860634298709,17.8066720681263,2.41772912474546,0.0989331197336903,12.8299613935495,0.703377286323411,50.3342210253544,48.3508764320546,1.25961277114028,12.9806385760056,0.658679041395893,3.16524922576017,0.142954558212135,0.328384941321322,0.103681831417515,1.6739048881785,10.245109050048
"12",4,1.02626352136069,0.8589934592,1e-05,23.0889871346838,12.6398273482038,7.50576228304925,14.8727128418034,2.26481767952479,60.4426215619294,18.8839517353195,149.301319332748,0.0333459663831949,0.00108737122135041,0.0901150709445694,0.00254778481406413,0.002305658131009,0.13090101460467,0.0227293269972621,0.1,0.01575254257485,373.969784696951,3868.98135543124,196.838790990426,933.078592178766,42.3789667805058,96.9219650694016,30.2811106329598,507.624487841448,3064.44995444445,12.4703838688352,4.20701898183723,17.7381416147455,2.37728346748139,0.0977114093412334,12.6871835650631,0.688269265416813,50.7624487841448,48.2728783758832,1.26089748773445,13.0448744010373,0.663672700856408,3.14602008205129,0.142887299811196,0.326787530070985,0.102097489918466,1.71153517643263,10.3322712341002
"13",4,1.00916479475543,0.68719476736,1e-05,22.7246551784115,12.5571492404929,7.36788845996331,14.6942223215697,2.23341174230039,60.0796152720326,18.5362664526623,150.80679277383,0.037830377855727,0.00109226802547365,0.0903722474660393,0.00255701117548995,0.00231073061222946,0.13209476494982,0.0229366068417305,0.1,0.0158240138978315,368.186112014935,3826.87424380721,195.298920228788,910.787950858419,41.651203040715,94.7347384609159,29.2283555159889,512.743090275935,3043.77812154654,13.928619738756,4.17997237401929,17.6496023487663,2.32889496884657,0.0962447099023651,12.5139630095774,0.670399299100564,51.2743090275935,48.1647872972678,1.26243047143126,13.1215233222097,0.669637718232141,3.12289471181755,0.142812958377518,0.324824909559,0.10021770357192,1.75808505551104,10.4364562473239
"14",4,0.988768752211833,0.549755813888,1e-05,22.2992059540135,12.4576181825719,7.20707815975751,14.484924177461,2.19658185185151,59.6357737773905,18.1279483937493,152.59087057551,0.0434358921963922,0.00109820247852571,0.0906832022705743,0.00256817168832101,0.00231689213511603,0.133558031876388,0.0231906848758746,0.1,0.0159122137373693,361.262861760806,3775.43456556624,193.370205223351,884.494209927317,40.7866122406586,92.1343587891525,28.0067951772625,518.80894872099,3017.5416939573,15.6917747180025,4.14619159741647,17.5354294333716,2.2715329884192,0.0944981811184091,12.3052836280722,0.649496761339061,51.880894872099,48.0157683956721,1.26424353678892,13.2121766539259,0.676701255616555,3.09529765328661,0.142733218303821,0.322425247498867,0.0980101016098038,1.81557787881069,10.5599218391357
"15",4,0.964668252835789,0.4398046511104,1e-05,21.8082981477031,12.3387275231249,7.0218450924232,14.242282719174,2.15388758811615,59.0963510341406,17.6539750432552,154.684634734203,0.0504427851222237,0.00110535679255513,0.0910570760424959,0.00258159707222853,0.00232433918940648,0.135345814404988,0.0235011109930081,0.1,0.0160207138581841,353.04921391653,3713.00435156736,190.966006317453,853.834674534062,39.769519996889,89.0755839079294,26.609733219662,525.927754709707,2984.38712659172,17.8087856351615,4.10419458079176,17.3888061587801,2.20425709594433,0.0924378538726539,12.0560074476186,0.625358293889609,52.5927754709707,47.8120121971742,1.26636651924089,13.3183256364149,0.684983699668405,3.06265416314598,0.142650901418657,0.319508818307421,0.0954475294293644,1.88647155651612,10.7048190127476
"16",4,0.93649883614202,0.35184372088832,1e-05,21.2492607604246,12.1979806494014,6.81141346636605,13.9645041676349,2.10501683974542,58.4455675876767,17.1109229222486,157.115332999596,0.0592014012795131,0.00111393329099163,0.0915038743172977,0.00259765004994676,0.00233329075505378,0.137522413222418,0.0238790502046531,0.1,0.0161536843831182,343.405126397297,3637.84816603105,187.989386474472,818.555127832727,38.5863350271083,85.5221969117485,25.0380615656276,534.192122606722,2942.76652988375,20.3300646892883,4.05232017971485,17.201757192946,2.12631976869886,0.0900331387901597,11.7612189033865,0.597885129152815,53.4192122606722,47.5365217369461,1.26882488974754,13.4412445923783,0.694589551034312,3.02442520506537,0.142570097308011,0.315990309189429,0.0925114777370708,1.97375114396607,10.8730334255776
"17",4,0.90397880825978,0.281474976710656,1e-05,20.6215604277451,12.0330418923017,6.57591950828305,13.6507975471105,2.04983912723485,57.6673279397734,16.4976045108444,159.903907289343,0.0701496714761248,0.00112415394348814,0.092034420560369,0.00261672373008137,0.00234398776783619,0.140162640042502,0.0243374926309541,0.1,0.0163159296853005,332.215107395173,3548.26166983585,184.337307126546,778.563777132965,37.2271144446776,81.453191228941,23.3023201013348,543.673274352753,2890.99487095006,23.3047806431769,3.98879234867377,16.9653772490505,2.03728631100561,0.0872599008901623,11.4166943225351,0.567120043750369,54.3673274352753,47.1692690349856,1.2716373802997,13.5818693190274,0.70559768387375,2.98014984842917,0.142496199705441,0.311782698636318,0.0891955261183197,2.08104701727042,11.0660143452833
"18",4,0.866954289694063,0.225179981368525,1e-05,19.9271694125997,11.8419396442402,6.31656391641894,13.3015786809512,1.9884465471746,56.7462331163625,15.8156132563819,163.062453187359,0.0838350092218894,0.00113625966216736,0.0926602747883707,0.00263923902940121,0.00235669159891064,0.143353204517206,0.0248914943204781,0.1,0.0165129077564611,319.404248131826,3442.72301754653,179.907652307454,733.983398809024,35.6872298699792,76.8693597253278,21.4240839949415,554.412337916025,2827.35386557637,26.7772580876423,3.91182729285322,16.6702924993394,1.93715763306933,0.0841037948229727,11.0194690458116,0.533277465081532,55.4412337916025,46.6878335771363,1.27481347514502,13.7406741445369,0.71805149989298,2.92949117867806,0.142435680786783,0.306802730949192,0.0855082896646945,2.21278309006804,11.2845988364954
"19",4,0.825443834637999,0.18014398509482,1e-05,19.1706847967478,11.6232578391685,6.03565547051832,12.9185768980291,1.92116841576187,55.668840332314,15.0696513212729,166.592165140757,0.100941681404095,0.00115051097153081,0.0933936953759277,0.00266564350318872,0.00237168278304532,0.147194497286737,0.0255584868546046,0.1,0.0167507388202247,304.95494618146,3320.08388969818,174.60931725907,685.191781979255,33.9689505314125,71.7992203652434,19.4361730832643,566.413366038161,2750.24951228867,30.7826650200519,3.81979294150044,16.3074093858923,1.82647702207131,0.0805635751334692,10.5684501472417,0.496759174252429,56.6413366038161,46.0687112707978,1.2783515751816,13.9175787219573,0.731951058851479,2.87228000320239,0.142395661925935,0.300977726710175,0.0814751909670899,2.37436850179155,11.528869559914
"20",4,0.779675407490009,0.144115188075856,1e-05,18.3592046489753,11.3763330650267,5.73655017134495,12.5048229705423,1.84857239109173,54.4251221404102,14.2675985289365,170.481796714463,0.122325021631852,0.00116718877453099,0.0942476261125085,0.00269641116648977,0.00238925899769316,0.151802621914193,0.0263586301676102,0.1,0.0170361908010566,288.921734888844,3179.77708162103,168.37440430579,632.840737261949,32.0826789569178,66.3030145039342,17.3813995264881,579.638094093831,2658.40928645956,35.3423574701902,3.71140011517899,15.8688879039285,1.70639883056274,0.0766538293679169,10.064971442512,0.458149881914175,57.9638094093831,45.2891678314258,1.28223768104344,14.1118839430389,0.747247367205476,2.80855381035549,0.142383264738481,0.294253471779899,0.0771388328770354,2.57243992357049,11.7980482155338
"21",4,0.730107597502955,0.115292150460685,1e-05,17.5019078608601,11.1013902725668,5.42345005503022,12.0644802559506,1.77144182150727,53.0098161373464,13.4201897205563,174.707324746791,0.149054196916549,0.00118659682130705,0.0952357881748915,0.00273204626443102,0.00240973443874609,0.157312240909682,0.0273153067232275,0.1,0.0173766767904382,271.441390583604,3022.01471348063,161.171383545304,577.843043687215,30.0475824934958,60.473233600174,15.3096601170456,594.004902893359,2551.10290274096,40.4594784833503,3.58591305295926,15.3492837431748,1.57869392893311,0.0724066943356409,9.51317989269807,0.418188061925464,59.4004902893359,44.3296906000782,1.28644540783515,14.3222702411334,0.763841453178947,2.73857840325184,0.142404864756246,0.286601514583404,0.0725572541120042,2.81517449463319,12.090472300816
"22",4,0.677428212911944,0.0922337203685478,1e-05,16.6095138609654,10.7996364526527,5.10113228239463,11.6025946855604,1.69071617013715,51.4235349526319,12.5403894371834,179.232481845343,0.18246566602242,0.00120906625009509,0.0963727622518654,0.00277308705771476,0.00243343826745833,0.16387998217896,0.0284557130019234,0.1,0.0177802506943385,252.735402153566,2847.93244170695,153.016546268935,521.324623220094,27.8913915636978,54.4308646634005,13.2737712588296,609.390441200826,2428.34279744526,46.1155334813944,3.44333899781878,14.7466272341776,1.44567856551967,0.0678719795637668,8.92012913102347,0.377714625394434,60.9390441200826,43.176543710368,1.29093673071269,14.5468365898098,0.781586901962159,2.66285252879156,0.14246528793932,0.278025167347707,0.0678005484276782,3.11268028613323,12.4036319616154
"23",4,0.622525931024453,0.0737869762948382,1e-05,15.6935728061728,10.4732329298775,4.7746063223868,11.1247461989576,1.60744374170554,49.6734165115759,11.6425186755204,184.010462761864,0.224230002404758,0.00123496029100409,0.0976742048374584,0.00282011473851101,0.0024607148551006,0.171688828564904,0.0298116216899769,0.1,0.0182556269548897,233.102892394929,2659.64491805979,143.981400659392,464.544193032464,25.6492684941396,48.3171716578659,11.3246402780436,625.635576069741,2291.0256929814,52.2686621222709,3.28455586197466,14.0632688207896,1.31006792546056,0.0631155360059929,8.29551860150837,0.337605891744111,62.5635576069741,41.824110395136,1.29566394354573,14.7831971862726,0.800296845135345,2.58209220362641,0.142567224390662,0.268563021797015,0.0629461433581336,3.47749206105801,12.7342880804058
"24",4,0.566436276866516,0.0590295810358706,1e-05,14.7657927994796,10.1252068325935,4.4487833668639,10.6367083480211,1.5227084879327,47.773131257807,10.741280583312,188.986389137028,0.276435422882681,0.0012646818942178,0.0991570733684582,0.00287376299129218,0.00249192381746917,0.180953411641506,0.0314203008807178,0.1,0.0188122296937661,212.903776039106,2460.18457820745,134.193780430228,408.791075326564,23.3617807965141,42.2819290686368,9.50664215998415,642.553728310297,2140.9749328245,58.8541453626898,3.11135089249281,13.3062625317108,1.17476866344401,0.0582157779853273,7.65105931575401,0.298701557032019,64.2553728310297,40.2765122048899,1.30057218553625,15.0286091361486,0.81975388857103,2.49719526894407,0.142710866259884,0.258288988201811,0.0580735325654845,3.92518875099468,13.0786428468532
"25",4,0.510268058341115,0.0472236648286965,1e-05,13.8373990938002,9.75924400033591,4.12817218371393,10.1441142569121,1.43757141820821,45.7422723258488,9.85078410172359,194.100443738773,0.341692198480085,0.0012986828091548,0.100839969012836,0.0029347321964217,0.00252744243740918,0.191926886873663,0.0333257078601925,0.1,0.0194602838394802,192.533910237337,2253.32204028022,123.831738346607,355.27724880644,21.0722013676898,36.4700320059709,7.85396949488127,659.941505593131,1980.86513099465,65.787335070963,2.92635059720154,12.4871886576775,1.04264358072838,0.053258775986331,6.99957970708886,0.261739092929277,65.9941505593131,38.548197696885,1.30560259645713,15.2801296292035,0.839722409989147,2.40919066117778,0.142893897416872,0.247308998301518,0.0532589970897685,4.47516669738903,13.4325566601227
"26",4,0.455120749220452,0.0377789318629572,1e-05,12.9187305293632,9.37950433553731,3.81668314714984,9.65221561079916,1.35301884068259,43.6051665643932,8.98375497366885,199.290925950826,0.423263167976839,0.00133747213758005,0.102743328342405,0.00300379931156132,0.00256766551834716,0.204908796082864,0.0355798543261755,0.1,0.0202109367154164,172.395605700754,2043.28545988495,113.110529678399,305.041499055392,18.8234747347154,31.0087751197957,6.38858327254551,677.589151328047,1814.02871063155,72.9687102141872,2.73283737171856,11.6213522897311,0.916283444860219,0.0483323870118076,6.35397077780161,0.22730486218781,67.7589151328047,36.6632194705226,1.31069521269156,15.5347606428101,0.859960607185218,2.31917995159438,0.143111758102684,0.235754577013372,0.0485713396067736,5.15159799582712,13.791759581372
"27",4,0.402005248041173,0.0302231454903657,1e-05,12.0188446959852,8.99032992802996,3.51747724731558,9.16566980066421,1.26992757617358,41.3893609793365,8.15095618314535,204.497434298423,0.525226879847783,0.00138162887486602,0.104889878732411,0.00308183741890285,0.00261301049958271,0.22025512061562,0.0382445519953611,0.1,0.0210764308209596,152.868080998731,1834.42820148905,102.265009971395,258.88021278945,16.6552781652375,25.9980317605685,5.11988619090324,695.291274556424,1644.18083597842,80.2904252112817,2.53449897204581,10.7265644944684,0.797826726788059,0.0435204167192363,5.72619962119272,0.19580775363833,69.5291274556424,34.6534636466467,1.31579202050439,15.7896009025426,0.880232702720201,2.22827758436809,0.143358129217848,0.223774659274095,0.044068750990189,5.9846287400917,14.1520715777456
"28",4,0.351779023004969,0.0241785163922926,1e-05,11.1453947857163,8.59604354485134,3.23293286255353,8.68845537728375,1.18904216293408,39.1238838834899,7.36086774045243,209.663379718651,0.652681519686461,0.00143181312089402,0.107304872757404,0.00316982846783853,0.00266391996242388,0.238390154514978,0.0413934742313713,0.1,0.0220703139244667,134.281973768115,1630.89180464842,91.5301224527323,217.312697205508,14.601571206937,21.5046275760842,4.04593572219554,712.855493399472,1475.10357754694,87.6433627054712,2.33513228465414,9.82162814326001,0.688843974024794,0.0388974170209132,5.12649149064977,0.167475336058486,71.2855493399473,32.5559990275649,1.3208391560107,16.0419577873979,0.900318682377969,2.13755511266909,0.143625584642547,0.211526188816446,0.0397970790465638,7.01186780204238,14.5095764511177
"29",4,0.305103315112882,0.0193428131138341,1e-05,10.3045621499763,8.20074198799841,2.96466598079333,8.22383461295082,1.11096596697394,36.8376376505192,6.61960516267,214.73798638589,0.811999819484809,0.00148878003091287,0.110016442607532,0.0032688808171316,0.00272086699299557,0.259821061845479,0.0451146837424976,0.1,0.0232076767456423,116.901233393947,1436.31876787575,81.1227993993236,180.581842299251,12.688913042963,17.561383387657,3.15572418729526,730.109161485999,1310.34543054,94.9237804134367,2.13836269963878,8.92484180427802,0.590300520214305,0.034524844675589,4.5628172792566,0.142369498688376,73.0109161485999,30.4100731771018,1.32578873338581,16.2894366869772,0.920021888065974,2.04799697166237,0.143906248572939,0.199165428473828,0.0357893877739511,8.28024198151887,14.8607603035218
"30",4,0.262424954990608,0.0154742504910673,1e-05,9.50107554279064,7.80813203069422,2.7136015256811,7.77434795658689,1.03616199333358,34.5579463863574,5.93102387323894,219.677711141584,1.01114769423274,0.00155339636643584,0.11305601550821,0.00338025063374517,0.00278436204222163,0.285155800076874,0.0495137447535257,0.1,0.024505465108121,100.913787235537,1253.64875625451,71.2277448472394,148.683359574955,10.9356650016419,14.1701055078245,2.43195105153586,746.904220197167,1152.9782691754,102.038743279507,1.94741342275256,8.05272502606436,0.502587020430604,0.0304488505370232,4.04068777325742,0.120415003618815,74.6904220197167,28.2542687456995,1.33060003690099,16.5300017671491,0.939174343946694,1.96046634614196,0.144192351246901,0.186840108057728,0.0320665218060064,9.84831518250543,15.2026097675836
